Track,Artist,track_id,Release Date,Spotify Streams,Spotify Popularity,YouTube Views,TikTok Views,danceability,energy,valence,tempo,loudness,acousticness,speechiness,instrumentalness,liveness,track_genre,explicit,popularity,year
As It Was,Harry Styles,4LRPiXqCikLlN15c3yImP7,3/31/2022,3301814535.0,87.0,800899315.0,15405881843.0,0.52,0.731,0.662,173.93,-5.338,0.342,0.0557,0.00101,0.311,pop,False,95,2022
Baby Shark,Pinkfong,5ygDXis42ncn6kYG14lEVG,12/1/2015,720822868.0,71.0,16322756555.0,6577639193.0,0.829,0.886,0.777,115.056,-1.746,0.259,0.112,0.0,0.0559,children,False,77,2015
Shape of You,Ed Sheeran,7qiZfU4dY1lWllzX7mPBI3,1/6/2017,3909458734.0,80.0,8013997219.0,2320856331.0,0.825,0.652,0.931,95.977,-3.183,0.581,0.0802,0.0,0.0931,pop,False,86,2017
Blinding Lights,The Weeknd,0VjIjW4GlUZAMYd2vXMi3b,11/29/2019,4281468720.0,83.0,833807130.0,3501177394.0,0.514,0.73,0.334,171.005,-5.934,0.00146,0.0598,9.54e-05,0.0897,pop,False,91,2019
Heat Waves,Glass Animals,6CDzDgIUqeDY5g8ujExx2f,6/29/2020,2996181078.0,82.0,1272898075.0,5518429969.0,0.761,0.525,0.531,80.87,-6.9,0.44,0.0944,6.7e-06,0.0921,indie-pop,False,85,2020
In the End,Linkin Park,60a0Rd6pjrkxjPbaKzXjfq,4/12/2024,2045512421.0,,,,0.556,0.864,0.4,105.143,-5.87,0.00958,0.0584,0.0,0.209,alternative,False,85,2024
Old Town Road,Lil Nas X,0F7FA14euOIX8KcbEturGH,3/14/2019,1010494713.0,67.0,3203314695.0,1981431049.0,0.907,0.53,0.507,135.998,-6.112,0.0578,0.127,2.23e-06,0.101,hip-hop,False,77,2019
Perfect,Ed Sheeran,0tgVpDi06FyKpA1z0VMD4v,3/3/2017,2969999682.0,81.0,6473698897.0,7647479866.0,0.599,0.448,0.168,95.05,-6.312,0.163,0.0232,0.0,0.106,pop,False,87,2017
Pepas,Farruko,5fwSHlTEWpluwOM0Sxnh5k,6/24/2021,1500499584.0,74.0,1431591689.0,4067248819.0,0.762,0.766,0.442,130.001,-3.955,0.00776,0.0343,6.98e-05,0.128,latin,True,86,2021
Easy On Me,Adele,0gplL1WMoJ6iYaPgMCL0gX,10/14/2021,1720918065.0,73.0,1194846205.0,7860224413.0,0.604,0.366,0.13,141.981,-7.519,0.578,0.0282,0.0,0.133,british,False,85,2021
Believer,Imagine Dragons,0pqnGHJpmpxLKifKRmU6WP,1/31/2017,3006226762.0,81.0,4495059988.0,5876458723.0,0.776,0.78,0.666,124.949,-4.374,0.0622,0.128,0.0,0.081,rock,False,88,2017
First Class,Jack Harlow,5pZEThCuY84PiajfmeOJ3i,4/8/2022,818858244.0,71.0,231229581.0,6890780336.0,0.905,0.563,0.324,106.998,-6.135,0.0254,0.102,9.71e-06,0.113,hip-hop,True,1,2022
I Ain't Worried,OneRepublic,4h9wh7iOZ0GGn8QVp4RAOB,5/13/2022,1607421145.0,83.0,409785349.0,1825552705.0,0.704,0.797,0.825,139.994,-5.927,0.0826,0.0475,0.000745,0.0546,piano,False,96,2022
Dynamite,BTS,5QDLhrAOJJdNAmCTJ8xMyW,8/21/2020,1872577908.0,74.0,2638957320.0,5063720138.0,0.746,0.765,0.737,114.044,-4.41,0.0112,0.0993,0.0,0.0936,k-pop,False,85,2020
Someone You Loved,Lewis Capaldi,7qEHsqek33rTcFNT9PFqLf,11/8/2018,3427498835.0,82.0,2153701892.0,2161032034.0,0.501,0.405,0.446,109.891,-5.679,0.751,0.0319,0.0,0.105,pop,False,87,2018
La Bachata,Manuel Turizo,5ww2BF9slyYgNOk37BlC4u,5/26/2022,1721045197.0,81.0,798827877.0,2596777974.0,0.835,0.679,0.85,124.98,-5.329,0.583,0.0364,1.98e-06,0.218,latin,False,98,2022
Don't Start Now,Dua Lipa,3PfIrDoz19wz7qK7tYeu62,10/31/2019,2607121959.0,78.0,1201600884.0,3535661993.0,0.793,0.793,0.679,123.95,-4.521,0.0123,0.083,0.0,0.0951,dance,False,81,2019
PROVENZA,KAROL G,51R9caoQ0l5bZ1ahBeqJq9,4/22/2022,1185929926.0,76.0,1229843060.0,2829294043.0,0.87,0.516,0.53,111.005,-8.006,0.656,0.0541,0.00823,0.11,reggae,False,0,2022
Bad Habits,Ed Sheeran,3rmo8F54jFF8OgYsqTxm5d,1/1/2020,1754311538.0,74.0,958790883.0,2658904267.0,0.807,0.893,0.537,126.011,-3.745,0.0451,0.0347,2.79e-05,0.366,pop,False,88,2020
good 4 u,Olivia Rodrigo,4ZtFanR9U6ndgddUvNcjcG,5/14/2021,2167768056.0,79.0,773591065.0,8186754429.0,0.563,0.664,0.688,166.928,-5.044,0.335,0.154,0.0,0.0849,pop,True,88,2021
bad guy,Billie Eilish,2Fxmhks0bxGSBdJ92vM42m,3/29/2019,2516804300.0,76.0,1779243626.0,1409756969.0,0.701,0.425,0.562,135.128,-10.965,0.328,0.375,0.13,0.1,electro,False,84,2019
About Damn Time,Lizzo,1PckUlxKqWQs3RlWXVBLw3,4/14/2022,847025688.0,66.0,106024874.0,15665483220.0,0.836,0.743,0.722,108.966,-6.305,0.0995,0.0656,0.0,0.335,hip-hop,True,89,2022
Bones,Imagine Dragons,0HqZX76SFLDz2aW8aiqi7G,3/11/2022,1227475431.0,78.0,584854654.0,2255843288.0,0.773,0.742,0.571,114.071,-3.678,0.0206,0.046,0.0,0.0754,rock,False,89,2022
golden hour,JVKE,5odlY52u43F5BjByhxg7wg,7/15/2022,1126986320.0,73.0,293553015.0,2305840359.0,0.515,0.593,0.153,94.467,-4.801,0.653,0.0322,0.162,0.25,indie-pop,False,81,2022
Memories,Maroon 5,4cktbXiXOapiLBMprHFErI,9/20/2019,2011072164.0,77.0,1290292327.0,1458416059.0,0.775,0.327,0.595,91.05,-7.241,0.841,0.0557,0.0,0.0821,pop,False,85,2019
Without Me,Halsey,5p7ujcrUXASCNwRaWNHR1C,10/4/2018,2042792456.0,75.0,2018089906.0,2216715741.0,0.752,0.488,0.533,136.041,-7.05,0.297,0.0705,9.11e-06,0.0936,dance,True,78,2018
Thunder,Imagine Dragons,1zB4vmk8tFRmM9UULNzbLB,4/27/2017,2384768901.0,79.0,2707166590.0,906537912.0,0.605,0.822,0.288,167.997,-4.833,0.00671,0.0438,0.134,0.147,rock,False,85,2017
abcdefu,GAYLE,4fouWK6XVHhzl78KzQ1UjL,8/13/2021,1128273165.0,70.0,499895662.0,12414681151.0,0.695,0.54,0.415,121.932,-5.692,0.299,0.0493,0.0,0.367,alternative,True,86,2021
MONEY,LISA,45OX2jjEw1l7lOFJfDP9fv,9/10/2021,1189335848.0,73.0,1323718887.0,12516703531.0,0.826,0.553,0.4,140.037,-10.121,0.163,0.234,4.12e-05,0.135,k-pop,False,78,2021
Woman,Doja Cat,6Uj1ctrBOjOas8xZXGqKk4,6/25/2021,1606950381.0,78.0,641326002.0,5944657895.0,0.824,0.764,0.881,107.998,-4.175,0.0888,0.0854,0.00294,0.117,dance,True,88,2021
How You Like That,BLACKPINK,6bvZRLLkBKkmgpBJTTj3QK,6/25/2020,1033109188.0,68.0,1584676582.0,7988463856.0,0.813,0.787,0.326,130.018,-4.254,0.0452,0.0777,0.000107,0.0506,k-pop,False,75,2020
drivers license,Olivia Rodrigo,5wANPM4fQCJwkGd4rN57mH,1/8/2021,2184754018.0,79.0,984811734.0,3781894216.0,0.561,0.431,0.137,143.875,-8.81,0.768,0.0578,1.42e-05,0.106,pop,True,88,2021
MONTERO (Call Me By Your Name),Lil Nas X,1SC5rEoYDGUK4NfG82494W,3/26/2021,1902241314.0,70.0,274582854.0,7655286423.0,0.593,0.503,0.71,178.781,-6.725,0.293,0.22,0.0,0.405,hip-hop,True,83,2021
Glimpse of Us,Joji,6xGruZOHLs39ZbVccQTuPZ,6/10/2022,1262308912.0,74.0,66246839.0,8988453878.0,0.44,0.317,0.268,169.914,-9.258,0.891,0.0531,4.78e-06,0.141,pop,False,94,2022
Watermelon Sugar,Harry Styles,6UelLqGlWMcVH1E5c4H7lY,11/17/2019,2708151499.0,82.0,872052223.0,2738127473.0,0.548,0.816,0.557,95.39,-4.209,0.122,0.0465,0.0,0.335,pop,False,89,2019
THATS WHAT I WANT,Lil Nas X,0e8nrvls4Qqv5Rfa2UhqmO,9/17/2021,1062095453.0,72.0,194928107.0,3501946982.0,0.737,0.846,0.546,87.981,-4.51,0.00614,0.22,0.0,0.0486,hip-hop,True,87,2021
Todo De Ti,Rauw Alejandro,4fSIb4hdOQ151TILNsSEaF,5/20/2021,1339352060.0,75.0,873449363.0,4445597088.0,0.78,0.718,0.342,127.949,-3.605,0.31,0.0506,0.000163,0.0932,latino,True,82,2021
Sorry,Justin Bieber,7cC4Y0jQZ4eRoRqRQIau1x,10/23/2015,2089476497.0,78.0,4467507940.0,376376728.0,0.679,0.748,0.438,100.035,-3.624,0.0878,0.0385,0.0,0.299,pop,False,0,2015
Pink Venom,BLACKPINK,7EyhPjrJzjx0fk2i7vUJCS,8/19/2022,736469450.0,68.0,868589823.0,5828265172.0,0.794,0.719,0.69,90.016,-7.227,0.0119,0.0761,0.0,0.276,k-pop,False,85,2022
Moscow Mule,Bad Bunny,6Xom58OOXk2SoU711L2IXO,5/6/2022,1108031580.0,77.0,765780154.0,940630746.0,0.804,0.674,0.292,99.968,-5.453,0.294,0.0333,1.18e-06,0.115,latin,True,94,2022
7 rings,Ariana Grande,6ocbgoVGwYJhOv1GgI9NsF,1/18/2019,2262490403.0,77.0,1903198886.0,2620954252.0,0.778,0.317,0.327,140.048,-10.732,0.592,0.334,0.0,0.0881,dance,True,84,2019
God's Plan,Drake,6DCZcSspjsKoFjzjrWoCdn,1/20/2018,2529948475.0,77.0,2040639375.0,634177218.0,0.754,0.449,0.357,77.169,-9.211,0.0332,0.109,8.29e-05,0.552,hip-hop,True,84,2018
Ghost,Justin Bieber,6I3mqTwhRpn34SLVafSH7G,3/19/2021,1586830204.0,80.0,476319277.0,1180485094.0,0.601,0.741,0.441,153.96,-5.569,0.185,0.0478,2.91e-05,0.415,pop,False,88,2021
SAD!,XXXTENTACION,3ee8Jmje8o58CHK66QrVC2,3/2/2018,2218531106.0,75.0,1800863873.0,435340082.0,0.74,0.613,0.473,75.023,-4.88,0.258,0.145,0.00372,0.123,emo,True,83,2018
Efecto,Bad Bunny,5Eax0qFko2dh7Rl2lYs3bx,5/6/2022,1293773697.0,77.0,501908214.0,6046489956.0,0.801,0.475,0.234,98.047,-8.797,0.141,0.0516,1.73e-05,0.0639,latin,False,96,2022
Yonaguni,Bad Bunny,2JPLbjOn0wPCngEot2STUS,6/4/2021,1398634184.0,71.0,1084871745.0,2877719483.0,0.644,0.648,0.44,179.951,-4.601,0.276,0.118,0.0,0.135,latino,True,87,2021
Heathens,Twenty One Pilots,6i0V12jOa3mr6uu4WYhUBr,6/16/2016,1777196966.0,78.0,2624180055.0,1024805500.0,0.732,0.396,0.548,90.024,-9.348,0.0841,0.0286,3.58e-05,0.105,rock,False,81,2016
Butter,BTS,6jjYDGxVJsWS0a5wlVF5vS,5/21/2021,1257974135.0,70.0,1175755478.0,8120632702.0,0.759,0.459,0.695,109.997,-5.187,0.00323,0.0948,0.0,0.0788,k-pop,False,83,2021
Say So,Doja Cat,3Dv1eDb0MEgF93GpLXlucZ,11/7/2019,1199270601.0,69.0,879051516.0,5494376938.0,0.787,0.673,0.779,110.962,-4.583,0.264,0.159,3.35e-06,0.0904,dance,True,79,2019
Shivers,Ed Sheeran,1euRAecw6xEwkt6lPXMbFP,1/1/2020,1568058093.0,77.0,683237554.0,1292107474.0,0.788,0.859,0.822,141.02,-2.724,0.281,0.0856,0.0,0.0424,pop,False,0,2020
Until I Found You,Stephen Sanchez,0T5iIrXA4p5GsubkhuBIKV,9/1/2021,1020452066.0,73.0,385820349.0,3320885451.0,0.539,0.508,0.227,101.358,-6.05,0.727,0.0288,0.0,0.174,pop,False,90,2021
Need To Know,Doja Cat,3Vi5XqYrmQgOYBajMWSvCi,6/11/2021,1178076856.0,71.0,507790705.0,2422643413.0,0.664,0.609,0.194,130.041,-6.509,0.304,0.0707,0.0,0.0926,dance,True,84,2021
Last Last,Burna Boy,3oZcHR0hqmmdnP06bc84Gd,5/12/2022,410722289.0,68.0,332556651.0,1049244970.0,0.795,0.565,0.55,87.925,-4.457,0.131,0.0948,0.0,0.0802,dance,False,4,2022
BILLIE EILISH.,Armani White,27ZZdyTSQWI7Cug2d2PkqV,5/19/2022,359416593.0,64.0,116400996.0,10488403602.0,0.9,0.509,0.765,100.007,-6.647,0.115,0.257,1.67e-06,0.0937,hip-hop,True,89,2022
deja vu,Olivia Rodrigo,6HU7h9RYOaPRFeh0R3UeAr,4/1/2021,1606975517.0,80.0,638102695.0,3758269019.0,0.442,0.612,0.178,180.917,-7.222,0.584,0.112,5.7e-06,0.37,pop,True,87,2021
Kill This Love,BLACKPINK,5GK7eDDTVz7CTge1wJrDQW,4/4/2019,820840650.0,67.0,2920436498.0,1616215054.0,0.738,0.861,0.58,131.98,-4.141,0.318,0.237,0.00182,0.325,k-pop,False,71,2019
Sweet but Psycho,Ava Max,7DnAm9FOTWE3cUvso43HhI,8/17/2018,1668741024.0,76.0,1254501233.0,2733847243.0,0.72,0.706,0.62,133.002,-4.719,0.0684,0.0473,0.0,0.166,dance,False,81,2018
Falling,Trevor Daniel,0Aqi7ArnBrGblW5T6p2jmD,10/5/2018,1606023895.0,71.0,1151842584.0,8742744684.0,0.785,0.431,0.236,127.085,-8.756,0.123,0.0364,0.0,0.0887,pop,False,79,2018
positions,Ariana Grande,35mvY5S1H3J2QZyna3TFe0,10/23/2020,1432830108.0,74.0,778340255.0,1984520688.0,0.737,0.802,0.682,144.015,-4.771,0.468,0.0878,0.0,0.0931,dance,True,85,2020
Save Your Tears,The Weeknd,5QO79kh1waicV47BqGRL3g,3/20/2020,1995511952.0,80.0,365257705.0,1154403769.0,0.68,0.826,0.644,118.051,-5.487,0.0212,0.0309,1.24e-05,0.543,pop,True,89,2020
Happier Than Ever,Billie Eilish,1SWliBgqzayYYnvmxwbouX,7/30/2021,1321878145.0,78.0,530778926.0,2295813182.0,0.314,0.238,0.303,72.535,-8.802,0.741,0.0389,0.00193,0.128,pop,False,0,2021
"Let It Go - From ""Frozen""/Soundtrack Version",Idina Menzel,0qcr5FMsEO85NAQjrlDRKo,1/1/2013,759374819.0,69.0,4168791151.0,966469545.0,0.543,0.485,0.371,136.961,-6.85,0.558,0.0305,0.0,0.12,show-tunes,False,75,2013
Moonlight,XXXTENTACION,0JP9xo3adEtGSdUEISiszL,3/16/2018,1885431727.0,77.0,1607650475.0,300772720.0,0.921,0.537,0.711,128.009,-5.723,0.556,0.0804,0.00404,0.102,emo,True,83,2018
That's What I Like,Bruno Mars,0KKkJNfGyhkQ5aFogxQAPU,11/17/2016,2075459887.0,80.0,2696139998.0,704916578.0,0.853,0.56,0.86,134.066,-4.961,0.013,0.0406,0.0,0.0944,dance,False,83,2016
Ride It,Regard,2tnVG71enUj33Ic2nFN6kZ,7/26/2019,1349427877.0,76.0,564022753.0,5118900832.0,0.88,0.751,0.884,117.948,-4.258,0.177,0.0874,6.43e-05,0.106,edm,False,81,2019
BICHOTA,KAROL G,38Uq4auvCzFYWtYjLeB5xz,10/23/2020,868091483.0,64.0,1591945481.0,1153849236.0,0.863,0.666,0.838,163.908,-4.158,0.212,0.152,0.000493,0.103,reggae,True,0,2020
The Hills,The Weeknd,4g7118rCobKcU4XQXSFlBS,5/27/2015,2306740926.0,80.0,2404495013.0,1174129136.0,0.565,0.551,0.125,112.98,-7.007,0.0845,0.0687,0.0,0.139,pop,True,3,2015
STAR WALKIN' (League of Legends Worlds Anthem),Lil Nas X,38T0tPVZHcPZyhtOcCP7pF,9/22/2022,428164381.0,68.0,138760138.0,419346148.0,0.637,0.715,0.308,141.872,-4.971,0.148,0.0455,0.0,0.0892,hip-hop,True,90,2022
Envolver,Anitta,5ySvAKzhoGkXm4WioV6MDS,11/11/2021,635241142.0,65.0,836072339.0,9427647770.0,0.813,0.733,0.397,91.988,-5.417,0.15,0.0847,0.00186,0.0909,funk,False,0,2021
you broke me first,Tate McRae,45bE4HXI0AwGZXfZtMp8JR,4/17/2020,1439465700.0,77.0,706284693.0,1383885042.0,0.667,0.373,0.0823,124.148,-9.389,0.785,0.05,0.0,0.0906,pop,True,84,2020
Faint,Linkin Park,4Yf5bqU3NK4kNOypcrLYwU,4/12/2024,670009914.0,,,,0.554,0.978,0.594,135.095,-3.554,0.111,0.131,0.0,0.0731,alternative,False,77,2024
Cradles,Sub Urban,47UFoOuvrkt4khE7c5aap6,1/4/2019,737097685.0,68.0,1098942075.0,8841517566.0,0.537,0.586,0.624,79.056,-1.864,0.265,0.314,7.04e-05,0.175,indie-pop,False,76,2019
Under The Influence,Chris Brown,5IgjP7X4th6nMNDh4akUHb,10/4/2019,1249760413.0,79.0,699931779.0,2436202278.0,0.733,0.69,0.31,116.992,-5.529,0.0635,0.0427,1.18e-06,0.105,dance,True,96,2019
Life Goes On,Oliver Tree,0eu4C55hL6x29mmeAjytzC,7/17/2020,568230113.0,68.0,531872316.0,11938256726.0,0.7,0.49,0.569,79.982,-5.187,0.186,0.076,0.0,0.117,alternative,False,79,2020
Rock and A Hard Place,Bailey Zimmerman,4kUrtRwzg1W6jN38Qk0Z5U,6/10/2022,412845771.0,73.0,215094924.0,777869891.0,0.582,0.568,0.394,121.991,-7.3,0.577,0.0275,0.0,0.105,country,False,0,2022
DDU-DU DDU-DU,BLACKPINK,69BIczdH6QMnFx7dsSssN8,6/15/2018,701726499.0,65.0,3435321800.0,683794564.0,0.671,0.859,0.39,139.931,-3.922,0.0313,0.0833,0.0,0.267,k-pop,False,71,2018
Wake Me Up,Avicii,0nrRP2bk19rLc0orkWPQk2,1/1/2013,2325017580.0,81.0,3214634614.0,360378218.0,0.532,0.783,0.643,124.08,-5.697,0.0038,0.0523,0.0012,0.161,dance,False,85,2013
Kings & Queens,Ava Max,7a53HqqArd4b9NF4XAmlbI,3/12/2020,955439608.0,73.0,627987518.0,2036664297.0,0.637,0.69,0.457,129.857,-4.057,0.00786,0.0405,0.0,0.124,dance,False,81,2020
HIGHEST IN THE ROOM,Travis Scott,3eekarcy7kvN4yt5ZFzltW,10/4/2019,1625149693.0,78.0,925241514.0,713021988.0,0.598,0.427,0.0605,76.469,-8.764,0.0546,0.0317,5.83e-06,0.21,hip-hop,True,82,2019
F.N,Lil Tjay,0RLLvYBopDwooCyvnTwgYu,8/9/2019,731933924.0,70.0,534384489.0,173278256.0,0.567,0.515,0.321,120.1,-10.265,0.354,0.247,0.0,0.078,r-n-b,True,78,2019
Say You Won't Let Go,James Arthur,5uCax9HTNlzGybIStD3vDh,9/9/2016,2830962669.0,82.0,2083619058.0,792720612.0,0.358,0.557,0.494,85.043,-7.398,0.695,0.059,0.0,0.0902,pop,False,85,2016
Blank Space,Taylor Swift,1u8c2t2Cy7UBoG4ArRcF5g,1/1/2014,1829733410.0,76.0,3624778617.0,346032878.0,0.76,0.703,0.57,95.997,-5.412,0.103,0.054,0.0,0.0913,pop,False,85,2014
HUMBLE.,Kendrick Lamar,7KXjTSCq5nL1LoYtL7XAwS,3/31/2017,2226869580.0,80.0,1281355260.0,769720113.0,0.908,0.621,0.421,150.011,-6.638,0.000282,0.102,5.39e-05,0.0958,hip-hop,True,84,2017
Super Freaky Girl,Nicki Minaj,4C6Uex2ILwJi9sZXRdmqXp,8/12/2022,549382975.0,64.0,128432797.0,5107877505.0,0.95,0.891,0.912,133.01,-2.653,0.0645,0.241,1.77e-05,0.309,dance,True,92,2022
Something in the Orange,Zach Bryan,1e3QZ42GsP8cTy5uQ0G7J3,4/22/2022,891578597.0,82.0,121756122.0,536850823.0,0.369,0.192,0.148,175.212,-12.151,0.555,0.04,8.35e-06,0.0954,country,False,3,2022
Treat You Better,Shawn Mendes,3QGsuHI8jO1Rx4JWLUh9jd,6/3/2016,2164074552.0,80.0,2766700889.0,218876789.0,0.444,0.819,0.747,82.695,-4.078,0.106,0.341,0.0,0.107,dance,False,84,2016
Let Her Go,Passenger,2pUpNOgJBIBCcjyQZQ00qU,7/27/2012,2252713547.0,69.0,3967431755.0,198665893.0,0.445,0.541,0.217,76.289,-7.36,0.359,0.0736,0.0,0.109,folk,False,75,2012
Stressed Out,Twenty One Pilots,3CRDbSIZ4r5MsZ0YwxuEkn,4/28/2015,2313532702.0,79.0,3241796669.0,664725202.0,0.734,0.637,0.648,169.977,-5.677,0.0462,0.141,2.29e-05,0.0602,rock,False,85,2015
Astronaut In The Ocean,Masked Wolf,3Ofmpyhv5UAQ70mENzB277,1/1/2019,1251675613.0,67.0,1001433936.0,338873585.0,0.778,0.695,0.472,149.996,-6.865,0.175,0.0913,0.0,0.15,hip-hop,True,79,2019
All of Me,John Legend,3U4isOIWM3VvDubwSI3y7a,1/1/2012,2382407025.0,80.0,3064193777.0,643209321.0,0.422,0.264,0.331,119.93,-7.064,0.922,0.0322,0.0,0.132,soul,False,85,2012
2055,Sleepy Hallow,4XvcHTUfIlWfyJTRG0aqlo,4/14/2021,811700245.0,77.0,168936854.0,752325431.0,0.829,0.512,0.638,80.511,-5.865,0.492,0.187,0.0,0.12,r-n-b,True,81,2021
You Proof,Morgan Wallen,5uU1uuyaUIBOiiUSQG7Wl3,5/13/2022,644437397.0,79.0,141964689.0,327463451.0,0.731,0.85,0.644,119.706,-4.913,0.252,0.0336,0.0,0.605,country,False,86,2022
Break My Heart,Dua Lipa,017PF4Q3l4DBUiWoXk4OWT,3/25/2020,1198689895.0,71.0,761387435.0,1509626629.0,0.73,0.729,0.467,113.011,-3.434,0.167,0.0884,1.39e-06,0.349,dance,False,78,2020
Shut Down,BLACKPINK,6tCd8bPvYnceDG7W9M1RMk,9/16/2022,654818451.0,67.0,633781726.0,3365539262.0,0.813,0.657,0.651,110.053,-6.447,0.00269,0.0372,0.0,0.183,k-pop,False,87,2022
Vegas (From the Original Motion Picture Soundtrack ELVIS),Doja Cat,0hquQWY3xvYqN4qtiquniF,5/6/2022,553783547.0,68.0,238368386.0,2994040421.0,0.801,0.601,0.74,159.969,-7.574,0.0777,0.255,3.23e-05,0.145,dance,True,90,2022
"thank u, next",Ariana Grande,3e9HZxeyfWwjeyPAMmWSSQ,11/3/2018,1878196824.0,73.0,1479999649.0,982464070.0,0.717,0.653,0.412,106.966,-5.634,0.229,0.0658,0.0,0.101,dance,True,82,2018
Hope,XXXTENTACION,2ZRo7axmMPeSVUvDbGkJah,3/16/2018,1442703001.0,78.0,460915912.0,325870631.0,0.592,0.457,0.225,146.04,-6.081,0.661,0.0603,0.000331,0.146,emo,True,86,2018
WITHOUT YOU,The Kid LAROI,27OeeYzk6klgBh83TSvGMA,11/6/2020,927908363.0,69.0,201781716.0,2189403368.0,0.662,0.413,0.467,93.005,-7.357,0.213,0.0299,0.0,0.134,hip-hop,True,80,2020
Blister In The Sun,Violent Femmes,7jIAttgQTpLDoNtykIQXjH,12/1/2023,250321751.0,,,,0.726,0.537,0.882,96.889,-8.896,0.316,0.114,0.0,0.0707,acoustic,False,71,2023
Love Yourself,Justin Bieber,50kpGaPAhYJ3sGmk6vplg0,11/9/2015,2423583406.0,78.0,2154325842.0,546197873.0,0.609,0.378,0.515,100.418,-9.828,0.835,0.438,0.0,0.28,pop,False,84,2015
Wasted On You,Morgan Wallen,3cBsEDNhFI9E82vPj3kvi3,1/8/2021,717226454.0,79.0,404363419.0,86145458.0,0.505,0.657,0.252,196.0,-5.24,0.373,0.0318,0.00107,0.126,country,False,83,2021
Unstoppable,Sia,2J2Z1SkXYghSajLibnQHOa,1/21/2016,1285237951.0,76.0,1383536938.0,14808888629.0,0.468,0.779,0.26,173.799,-4.839,0.112,0.0779,0.000373,0.101,dance,False,81,2016
traitor,Olivia Rodrigo,5CZ40GBx1sQ9agT82CLQCT,5/21/2021,1564979439.0,80.0,500794182.0,2639611818.0,0.38,0.339,0.0849,100.607,-7.885,0.691,0.0338,0.0,0.12,pop,False,88,2021
goosebumps,Travis Scott,6gBFPUFcJLzWGx4lenP6h2,9/16/2016,2396737761.0,82.0,1334796210.0,1545294272.0,0.841,0.728,0.43,130.049,-3.37,0.0847,0.0484,0.0,0.149,hip-hop,True,84,2016
Angel Baby,Troye Sivan,2m6Ko3CY1qXNNja8AlugNc,9/9/2021,533416336.0,68.0,293168763.0,4418855338.0,0.559,0.559,0.338,72.498,-6.425,0.0145,0.0358,0.0,0.138,dance,False,82,2021
Chandelier,Sia,4VrWlk8IQxevMvERoX08iC,1/1/2014,1729264620.0,75.0,3137616905.0,1176707701.0,0.399,0.787,0.572,117.089,-2.88,0.0197,0.0499,6.07e-05,0.0685,dance,False,80,2014
Cheap Thrills,Sia,27SdWb2rFzO6GWiYDBTD9j,12/17/2015,1779046979.0,70.0,2306432379.0,925857941.0,0.628,0.698,0.732,89.976,-5.608,0.0472,0.105,0.00143,0.0907,dance,False,78,2015
Yummy,Justin Bieber,7eLvCsLfaeSHeezjOwJ96E,1/3/2020,792379282.0,62.0,887226751.0,2580705782.0,0.677,0.506,0.497,145.843,-6.652,0.345,0.0964,0.0,0.118,pop,False,0,2020
Too Good At Goodbyes,Sam Smith,1mXVgsBdtIVeCLJnSnmtdV,9/8/2017,2061017397.0,78.0,1988375859.0,118957400.0,0.681,0.372,0.476,91.873,-8.237,0.64,0.0432,0.0,0.169,dance,False,83,2017
There's Nothing Holdin' Me Back,Shawn Mendes,7JJmb5XwzOO8jgpou264Ml,9/23/2016,2043626431.0,80.0,1683710842.0,544400947.0,0.866,0.813,0.969,121.998,-4.063,0.38,0.0554,0.0,0.0779,dance,False,86,2016
In The Stars,Benson Boone,1ei3hzQmrgealgRKFxIcWn,4/29/2022,725214939.0,74.0,204956968.0,2046007902.0,0.362,0.54,0.3,78.007,-6.031,0.338,0.0528,0.0,0.139,pop,False,86,2022
Call Out My Name,The Weeknd,09mEdoA6zrmBPgTEN5qXmN,3/29/2018,1780889877.0,79.0,1366385062.0,742902070.0,0.461,0.593,0.175,134.17,-4.954,0.17,0.0356,0.0,0.307,pop,False,89,2018
Mask Off,Future,0VgkVdmE4gld66l8iyGjgx,1/1/2017,1596770801.0,77.0,1296329209.0,2521784913.0,0.833,0.434,0.281,150.062,-8.795,0.0102,0.431,0.0219,0.165,hip-hop,True,83,2017
You Raise Me Up,Josh Groban,1xugsCboIm1yILqpLvH9aD,11/17/2023,124486631.0,,,,0.25,0.136,0.0981,118.086,-12.162,0.673,0.037,0.000157,0.107,opera,False,61,2023
Maan Meri Jaan,King,1418IuVKQPTYqt7QNJ9RXN,10/12/2022,467454503.0,71.0,627711778.0,189880241.0,0.698,0.505,0.396,95.868,-8.242,0.354,0.0356,0.0,0.0995,hip-hop,False,66,2022
SICKO MODE,Travis Scott,2xLMifQCjDGFmkHkpNLD9h,8/3/2018,2134271997.0,77.0,271517371.0,2562546341.0,0.834,0.73,0.446,155.008,-3.714,0.00513,0.222,0.0,0.124,hip-hop,True,83,2018
The Kind of Love We Make,Luke Combs,28n8z9IQKyjMPxmvYMBqZa,6/17/2022,470340261.0,75.0,123212252.0,395041727.0,0.608,0.745,0.464,102.025,-4.13,0.0226,0.0277,6.47e-06,0.0942,country,False,82,2022
One Step Closer,Linkin Park,3K4HG9evC7dg3N0R9cYqk4,4/12/2024,687919107.0,,,,0.492,0.969,0.538,95.136,-4.419,0.0014,0.0491,1.32e-06,0.0787,alternative,False,78,2024
Faded,Alan Walker,698ItKASDavgwZ3WjaWjtz,12/4/2015,1943842010.0,75.0,439888055.0,4682512450.0,0.468,0.627,0.159,179.642,-5.085,0.0281,0.0476,7.97e-06,0.11,electro,False,80,2015
Radioactive,Imagine Dragons,62yJjFtgkhUrXktIoSjgP2,1/1/2012,1836362703.0,75.0,1838544809.0,640674307.0,0.448,0.784,0.236,136.245,-3.686,0.106,0.0627,0.000108,0.668,rock,False,80,2012
hot girl bummer,blackbear,6jRq8gaZhMUyy5RclRPcAf,8/23/2019,1265080733.0,70.0,356598545.0,579006925.0,0.782,0.559,0.685,129.992,-7.106,0.125,0.0767,0.0,0.385,electro,True,80,2019
Heartbreak Anniversary,Giveon,3FAJ6O0NOHQV8Mc5Ri6ENp,2/21/2020,1157206056.0,75.0,158131164.0,3272868374.0,0.449,0.465,0.543,89.087,-8.964,0.524,0.0791,1.02e-06,0.303,pop,False,84,2020
Tennessee Whiskey,Chris Stapleton,3fqwjXwUGN6vbzIwvyFMhx,4/28/2015,954073526.0,77.0,1153379467.0,243324273.0,0.392,0.37,0.512,48.718,-10.888,0.205,0.0298,0.0096,0.0821,country,False,81,2015
Super Gremlin,Kodak Black,6XjFkmGaUioM800RmFSV8r,10/30/2021,416955991.0,63.0,174009595.0,1163709610.0,0.825,0.414,0.106,72.993,-6.634,0.00265,0.144,0.0,0.357,hip-hop,True,4,2021
Natural,Imagine Dragons,2FY7b99s15jUprqC0M5NCT,7/17/2018,1228556153.0,75.0,1220581919.0,396994100.0,0.704,0.611,0.22,100.0,-6.112,0.217,0.0409,0.0,0.0812,rock,False,82,2018
High Hopes,Panic! At The Disco,1rqqCSm0Qe4I9rUvWncaom,5/23/2018,1602076880.0,75.0,284427491.0,790904602.0,0.579,0.904,0.681,82.014,-2.729,0.193,0.0618,0.0,0.064,rock,False,81,2018
Build a Bitch,Bella Poarch,7BoobGhD4x5K96Me0hqC8Q,5/14/2021,452542081.0,63.0,575228171.0,10270227664.0,0.855,0.463,0.866,102.931,-7.454,0.217,0.0367,1.77e-05,0.347,alternative,True,76,2021
Streets,Doja Cat,60ynsPSSKe6O3sfwRnIBRf,11/7/2019,1056939084.0,75.0,702463556.0,3347862526.0,0.749,0.463,0.189,90.035,-8.433,0.21,0.0842,0.0382,0.338,dance,True,83,2019
Therefore I Am,Billie Eilish,0OZYXc58HooMgBNWyp6cuO,11/12/2020,805133547.0,67.0,357556016.0,2252801256.0,0.889,0.34,0.716,94.009,-7.773,0.218,0.0697,0.13,0.055,electro,False,2,2020
New Rules,Dua Lipa,2ekn2ttSfGqwhhate0LSR0,7/20/2018,,,3090849766.0,,0.762,0.7,0.608,116.073,-6.021,0.00261,0.0694,1.56e-05,0.153,dance,False,81,2018
Stitches,Shawn Mendes,3zkWCteF82vJwv0hRLba76,2/10/2015,1907768690.0,69.0,2115112270.0,403748250.0,0.746,0.754,0.746,149.882,-6.684,0.0152,0.0676,0.0,0.0486,dance,False,80,2015
New Divide,Linkin Park,6Wx88Mv6b9ofjKMKkdwOJd,4/12/2024,340239513.0,,,,0.493,0.808,0.38,117.971,-3.365,0.000235,0.0362,0.0,0.0983,alternative,False,70,2024
34+35,Ariana Grande,6Im9k8u9iIzKMrmV7BWtlF,10/30/2020,978617707.0,70.0,722372895.0,359903081.0,0.83,0.585,0.485,109.978,-6.476,0.237,0.094,0.0,0.248,dance,True,81,2020
Permission to Dance,BTS,3XYRV7ZSHqIRDG87DKTtry,7/9/2021,675763141.0,68.0,881072427.0,3653167411.0,0.702,0.741,0.646,124.925,-5.33,0.00544,0.0427,0.0,0.337,k-pop,False,80,2021
changes,XXXTENTACION,7AFASza1mXqntmGtbxXprO,3/2/2018,1366479990.0,70.0,1002422657.0,1763949180.0,0.669,0.308,0.52,64.934,-10.068,0.883,0.029,0.0,0.0984,emo,False,80,2018
Sunday Best,Surfaces,1Cv1YLb4q0RzL6pybtaMLo,8/28/2018,952626904.0,16.0,195696821.0,2800998751.0,0.878,0.525,0.694,112.022,-6.832,0.183,0.0578,0.0,0.0714,soul,False,77,2018
Trap Queen,Fetty Wap,2d8JP84HNLKhmd6IYOoupQ,12/15/2014,1182373720.0,70.0,1260463421.0,414475658.0,0.746,0.873,0.817,148.075,-3.803,0.0244,0.128,0.0,0.354,j-dance,True,74,2014
Attention,Charlie Puth,5cF0dROlMOK5uNZtivgu50,4/20/2017,1800254516.0,75.0,1875529996.0,759021013.0,0.775,0.613,0.797,100.066,-4.586,0.109,0.0542,2.33e-05,0.134,dance,False,83,2017
Let Me Down Slowly,Alec Benjamin,2qxmye6gAegTMjLKEBoR3d,5/25/2018,1709991997.0,80.0,1447964376.0,2833687729.0,0.652,0.557,0.483,150.073,-5.714,0.74,0.0318,0.0,0.124,electro,False,85,2018
Sucker,Jonas Brothers,22vgEDb5hykfaTwLuskFGD,3/1/2019,1411856834.0,73.0,641158161.0,280853608.0,0.842,0.734,0.952,137.958,-5.065,0.0427,0.0588,0.0,0.106,dance,False,81,2019
Alone,Marshmello,3MEYFivt6bilQ9q9mFWZ4g,5/13/2016,561103984.0,65.0,3130843590.0,462245126.0,0.631,0.953,0.422,141.99,-3.739,0.0241,0.0343,0.0155,0.108,dance,False,73,2016
GOOBA,6ix9ine,1XdbvPWz4lhyRBMz9cBy8b,5/8/2020,472027271.0,2.0,1012949756.0,4846286370.0,0.611,0.688,0.393,178.462,-5.688,0.0264,0.341,0.0,0.251,emo,True,71,2020
Light Switch,Charlie Puth,3AVXwaOGCEL8cmBecfcsFJ,1/19/2022,593554969.0,67.0,284499511.0,4729678365.0,0.69,0.626,0.912,184.009,-5.693,0.105,0.306,0.000335,0.0881,dance,False,77,2022
Freaks,Surf Curse,7EkWXAI1wn8Ii883ecd9xr,5/15/2021,1089328286.0,77.0,256738121.0,2110692.0,0.345,0.941,0.407,179.626,-9.918,3.84e-05,0.0466,0.633,0.0511,indie-pop,False,86,2021
Breaking the Habit,Linkin Park,3dxiWIBVJRlqh9xk144rf4,4/12/2024,428629823.0,,,,0.579,0.849,0.581,100.021,-5.218,0.108,0.0303,0.0,0.0909,alternative,False,71,2024
Normal,Feid,1qcWuAqrckB7uoAxVnrBDm,7/8/2022,724772954.0,76.0,395704504.0,237386912.0,0.709,0.56,0.541,170.082,-4.867,0.034,0.171,0.0,0.315,latin,True,6,2022
Youngblood,5 Seconds of Summer,2iUXsYOEPhVqEBwsqP70rE,4/12/2018,1790579305.0,76.0,792369989.0,81167209.0,0.596,0.854,0.152,120.274,-5.114,0.0169,0.463,0.0,0.124,dance,False,81,2018
Sweater Weather,The Neighbourhood,2QjOHCTQ1Jl3zawyYOpxh6,1/1/2012,2916412507.0,85.0,1648485745.0,2911383718.0,0.612,0.807,0.398,124.053,-2.81,0.0495,0.0336,0.0177,0.101,alt-rock,False,93,2012
Felices los 4,Maluma,1RouRzlg8OKFeqc6LvdxmB,4/21/2017,932817713.0,68.0,2349558424.0,177718441.0,0.766,0.756,0.716,94.027,-5.861,0.213,0.132,0.0,0.349,latino,False,74,2017
Human,Rag'n'Bone Man,58zsLZPvfflaiIbNWoA22O,7/21/2016,1013083048.0,74.0,1900272147.0,1070508080.0,0.602,0.707,0.554,75.087,-4.097,0.393,0.302,0.0,0.165,soul,False,78,2016
Fancy Like,Walker Hayes,58UKC45GPNTflCN6nwCUeF,6/4/2021,328697441.0,66.0,174775864.0,2074178281.0,0.647,0.765,0.855,79.994,-6.459,0.111,0.06,0.0,0.315,country,False,77,2021
LALISA,LISA,2KZ3sNqPogEyMUUH6A5HFy,9/10/2021,502655066.0,73.0,900358198.0,1612602199.0,0.804,0.652,0.854,150.076,-6.282,0.0267,0.0898,0.000782,0.118,k-pop,False,73,2021
Levitating,Dua Lipa,5nujrmhLynf4yMoMtj8AQF,3/27/2020,946842175.0,73.0,39855160.0,4779580212.0,0.695,0.884,0.914,103.014,-2.278,0.0561,0.0753,0.0,0.213,dance,False,84,2020
Demons,Imagine Dragons,5qaEfEh1AtSdrdrByCP7qR,1/1/2012,2270796677.0,80.0,1738647396.0,296361891.0,0.505,0.71,0.428,89.938,-3.015,0.19,0.0321,0.00025,0.269,rock,False,84,2012
ZOOM,Jessi,4IaxDf2FixiQXq0mW7key9,4/13/2022,166161044.0,61.0,303569838.0,9393168416.0,0.874,0.6,0.457,100.012,-6.064,0.00942,0.158,0.0,0.126,k-pop,False,78,2022
In A Minute,Lil Baby,06fRsW6JDm7WPQWrmrMak2,4/7/2022,171118535.0,57.0,238335324.0,191118526.0,0.643,0.605,0.145,84.216,-5.968,0.0336,0.297,0.0,0.112,hip-hop,True,0,2022
Counting Stars,OneRepublic,2tpWsVSb9UEmDRxAl1zhX1,1/1/2013,2466006842.0,81.0,304524339.0,1245061983.0,0.664,0.705,0.477,122.016,-4.972,0.0654,0.0382,0.0,0.118,piano,False,83,2013
Sobrio,Maluma,4HzqWEdAbzcVFDv0pvxV4w,7/8/2021,600199930.0,64.0,743954914.0,254681143.0,0.762,0.77,0.631,177.998,-2.758,0.138,0.223,0.0,0.15,latino,False,81,2021
no tears left to cry,Ariana Grande,2qT1uLXPVPzGgFOx4jtEuo,4/20/2018,1331371819.0,71.0,1426855223.0,219920452.0,0.699,0.713,0.354,121.993,-5.507,0.04,0.0594,3.11e-06,0.294,dance,False,78,2018
Crawling,Linkin Park,57BrRMwf9LrcmuOsyGilwr,4/12/2024,570290910.0,,,,0.58,0.702,0.299,105.076,-5.565,0.0466,0.0337,3.2e-06,0.536,alternative,False,76,2024
Summer,Calvin Harris,6YUTL4dYpB9xZO5qExPf05,1/1/2014,1497564072.0,81.0,1989930606.0,1214191679.0,0.596,0.856,0.743,127.949,-3.556,0.0211,0.0346,0.0178,0.141,electro,False,82,2014
Bad Liar,Imagine Dragons,2RSHsoi04658QL5xgQVov3,11/6/2018,1056929910.0,74.0,908433462.0,2058078137.0,0.383,0.637,0.0827,177.913,-6.993,0.0722,0.0703,0.0,0.368,rock,False,81,2018
Tacones Rojos,Sebastian Yatra,0XFS1o1xFNTpSkbRh6FihK,10/22/2021,641756842.0,68.0,558812868.0,855230861.0,0.748,0.856,0.927,123.031,-3.517,0.0824,0.0348,0.0,0.142,reggae,False,0,2021
Whatever It Takes,Imagine Dragons,6Qn5zhYkTa37e91HC1D7lb,5/9/2017,1257258072.0,76.0,1192880501.0,340416328.0,0.672,0.655,0.556,134.945,-5.021,0.0362,0.0311,0.0,0.117,rock,False,81,2017
No Role Modelz,J. Cole,68Dni7IE4VyPkTOH9mRWHr,12/9/2014,2235160830.0,81.0,656310159.0,885273359.0,0.69,0.521,0.494,100.028,-8.492,0.324,0.339,0.0,0.0534,hip-hop,True,88,2014
A Thousand Years,Christina Perri,6lanRgr6wXibZr8KgzXxBl,10/18/2011,1654956613.0,77.0,2989286684.0,8594414469.0,0.421,0.407,0.161,139.028,-7.445,0.309,0.0267,0.000961,0.11,dance,False,81,2011
Call Me Maybe,Carly Rae Jepsen,20I6sIOMTCkB6w7ryavxtO,1/1/2012,1394048309.0,77.0,2007334200.0,367016981.0,0.783,0.58,0.66,120.021,-6.548,0.0114,0.0408,2.28e-06,0.108,electro,False,80,2012
"Valerie - Live At BBC Radio 1 Live Lounge, London / 2007",Amy Winehouse,6nLvaCZFR1wEzW3sIKpsnr,4/12/2024,562814594.0,,,,0.772,0.371,0.684,96.574,-5.743,0.744,0.0348,0.0,0.167,british,False,75,2024
One Side,Iyanya,48BBynvMm4jmI7hZ9hgPtU,9/15/2022,23823099.0,53.0,75987807.0,1004679876.0,0.815,0.755,0.763,102.978,-5.678,0.749,0.0498,0.0673,0.112,dancehall,False,59,2022
Photograph,Ed Sheeran,1HNkqx9Ahdgi1Ixy2xkKkL,1/1/2013,2525355904.0,77.0,1884843329.0,4406781129.0,0.614,0.379,0.201,107.989,-10.48,0.607,0.0476,0.000464,0.0986,pop,False,85,2013
At My Worst,Pink Sweat$,0ri0Han4IRJhzvERHOZTMr,7/17/2020,670245273.0,64.0,537033479.0,1736930175.0,0.813,0.415,0.667,91.921,-5.926,0.777,0.0349,0.0,0.131,chill,False,74,2020
She Had Me At Heads Carolina,Cole Swindell,72kjJq1k5ki32RBxu1TF3j,4/8/2022,244709550.0,69.0,92809269.0,140118719.0,0.607,0.912,0.722,134.944,-3.449,0.124,0.0611,0.0,0.332,country,False,2,2022
happier,Olivia Rodrigo,2tGvwE8GcFKwNdAXMnlbfl,5/21/2021,1133535049.0,79.0,352845171.0,3266081830.0,0.395,0.443,0.338,168.924,-9.72,0.765,0.133,9.67e-06,0.0839,pop,True,86,2021
BOP,DaBaby,4xgXA4ipRmQqrrvT6ZBSRX,9/27/2019,820923123.0,68.0,661665888.0,129969428.0,0.77,0.786,0.837,126.764,-3.909,0.189,0.368,0.0,0.129,hip-hop,True,0,2019
Arcade,Duncan Laurence,1Xi84slp6FryDSCbzq4UCD,3/7/2019,1184536529.0,69.0,439603979.0,6956515458.0,0.45,0.329,0.266,71.884,-12.603,0.818,0.0441,0.00109,0.135,pop,False,80,2019
BUTTERFLY EFFECT,Travis Scott,2cYqizR4lgvp4Qu6IQ3qGN,1/1/2017,1388024799.0,79.0,583707677.0,236970860.0,0.763,0.628,0.193,140.958,-5.85,0.0531,0.05,0.0,0.114,house,False,79,2017
Yo Perreo Sola,Bad Bunny,0SqqAgdovOE24BzxIClpjw,2/29/2020,745086450.0,67.0,818482247.0,1133216780.0,0.86,0.758,0.453,97.014,-5.16,0.021,0.0695,6.54e-05,0.344,latino,False,79,2020
Take You Dancing,Jason Derulo,59qrUpoplZxbIZxk6X0Bm3,7/22/2020,716319941.0,65.0,460154791.0,1506051452.0,0.789,0.711,0.753,112.985,-4.248,0.0332,0.041,0.0,0.0876,dance,False,78,2020
Me Fui de Vacaciones,Bad Bunny,28GCbKgjlVD9eDmasGbe0T,5/6/2022,366872354.0,68.0,146768761.0,1794129686.0,0.714,0.645,0.434,85.046,-5.493,0.229,0.0514,0.00083,0.0942,latino,False,85,2022
Counting stars,OneRepublic,2tpWsVSb9UEmDRxAl1zhX1,8/4/2014,,,4069201723.0,,0.664,0.705,0.477,122.016,-4.972,0.0654,0.0382,0.0,0.118,piano,False,83,2014
Take My Breath - Single Version,The Weeknd,3HoQtJWvaadVDZPgQevKIh,8/5/2021,465348362.0,57.0,218889957.0,224955330.0,0.747,0.739,0.523,120.996,-6.008,0.0106,0.0487,2.22e-05,0.101,pop,False,0,2021
Ride,Twenty One Pilots,2Z8WuEywRWYTKe1NybPQEW,5/12/2015,1724766252.0,79.0,1832805733.0,515516585.0,0.645,0.713,0.566,74.989,-5.355,0.00835,0.0393,0.0,0.113,rock,False,82,2015
Physical,Dua Lipa,5AapsFftm3jjb3e2eMLG1E,1/30/2020,967029446.0,71.0,570687048.0,430832681.0,0.647,0.844,0.746,146.967,-3.756,0.0137,0.0457,0.000658,0.102,dance,False,0,2020
Pumped Up Kicks,Foster The People,7w87IxuO7BDcJ3YUqCyMTT,1/1/2010,1791778314.0,81.0,599930123.0,2757623631.0,0.733,0.71,0.965,127.975,-5.849,0.145,0.0292,0.115,0.0956,indie,False,84,2010
Lose You To Love Me,Selena Gomez,5uBYhOCQC4NpqmnCgfzFw4,10/23/2019,1222228366.0,72.0,569150755.0,519924812.0,0.516,0.342,0.0993,102.819,-8.985,0.55,0.0425,0.0,0.21,dance,False,1,2019
Green Green Grass,George Ezra,4N5s8lPTsjI9EGP7K4SXzB,3/22/2022,300430813.0,69.0,103550086.0,3375488113.0,0.685,0.738,0.8,112.972,-4.413,0.0695,0.0595,0.0,0.128,folk,False,75,2022
Neverita,Bad Bunny,31i56LZnwE6uSu3exoHjtB,5/6/2022,831868563.0,73.0,181498962.0,985066343.0,0.876,0.498,0.428,122.016,-7.511,0.0706,0.0478,0.0,0.143,latin,False,93,2022
Infinity,Jaymes Young,1SOClUWhOi8vHZYMz3GluK,6/23/2017,1059940209.0,74.0,569314714.0,22241102823.0,0.671,0.673,0.494,121.963,-6.941,0.148,0.0444,5.29e-05,0.304,pop,False,85,2017
Numb Little Bug,Em Beihold,3o9kpgkIcffx0iSwxhuNI2,1/28/2022,360584207.0,66.0,41254765.0,667895022.0,0.742,0.527,0.638,84.974,-6.892,0.327,0.0769,0.0,0.25,singer-songwriter,False,78,2022
I Like Me Better,Lauv,2P91MQbaiQOfbiz9VqhqKQ,5/19/2017,1784308411.0,75.0,837720618.0,886160801.0,0.752,0.505,0.419,91.97,-7.621,0.535,0.253,2.55e-06,0.104,dance,False,83,2017
Papercut,Linkin Park,1Vej0qeQ3ioKwpI6FUbRv1,4/12/2024,497285757.0,,,,0.524,0.939,0.661,150.184,-3.994,0.00022,0.113,0.0,0.623,alternative,False,75,2024
Hello,Adele,1Yk0cQdMLx5RzzFTYwmuld,10/23/2015,1550553401.0,68.0,347935820.0,707793848.0,0.578,0.43,0.288,78.991,-6.134,0.33,0.0305,0.0,0.0854,british,False,74,2015
N95,Kendrick Lamar,0fX4oNGBWO3dSGUZcVdVV2,5/13/2022,426936498.0,74.0,124386115.0,186922543.0,0.79,0.67,0.408,139.956,-5.527,0.377,0.105,2.32e-06,0.119,hip-hop,True,83,2022
Gucci Gang,Lil Pump,43ZyHQITOjhciSUUNPVRHc,8/31/2017,648757330.0,55.0,1402505864.0,243585831.0,0.936,0.523,0.699,119.889,-6.71,0.239,0.0597,0.0,0.117,emo,True,64,2017
Scars To Your Beautiful,Alessia Cara,42ydLwx4i5V49RXHOozJZq,11/13/2015,1422563654.0,71.0,710718042.0,736544909.0,0.319,0.739,0.449,194.169,-5.74,0.0285,0.272,0.0,0.111,dance,False,74,2015
Forever After All,Luke Combs,6IBcOGPsniK3Pso1wHIhew,10/23/2020,472886929.0,70.0,247466941.0,454676514.0,0.487,0.65,0.456,151.964,-5.195,0.191,0.0253,0.0,0.0933,country,False,79,2020
Riptide,Vance Joy,7yq4Qj7cqayVTp3FF9CWbm,1/1/2013,2541833602.0,80.0,533440453.0,3108986398.0,0.484,0.731,0.51,101.654,-6.694,0.431,0.0379,0.0,0.151,folk,False,82,2013
The Night We Met,Lord Huron,3hRV0jL3vUpRrcy398teAU,2/9/2015,2097181065.0,84.0,807672690.0,1722597041.0,0.544,0.369,0.102,87.01,-9.514,0.969,0.038,0.279,0.639,folk,False,83,2015
LOVE DIVE,IVE,0Q5VnK2DYzRyfqQRJuUtvi,4/5/2022,397988770.0,69.0,583304882.0,1878718115.0,0.703,0.709,0.538,117.941,-4.169,0.00379,0.0433,5.43e-05,0.333,k-pop,False,85,2022
Lovesick Girls,BLACKPINK,1GMufNnkKAnPLnqKJ5HHxW,10/2/2020,561712007.0,65.0,959285337.0,694367550.0,0.658,0.732,0.409,127.995,-4.762,0.00513,0.0654,0.0,0.13,k-pop,False,73,2020
Fall In Love,Bailey Zimmerman,4N6gKsA1p5m8gjvgc0sEKB,2/11/2022,262185115.0,71.0,121592933.0,149251921.0,0.524,0.643,0.397,135.962,-6.055,0.451,0.0297,0.0,0.221,country,False,1,2022
Waiting For Love,Avicii,2P4OICZRVAQcYAV2JReRfj,1/1/2015,1397975653.0,74.0,1701608739.0,154837616.0,0.579,0.736,0.613,127.999,-3.863,0.31,0.0527,0.0,0.198,dance,False,81,2015
Heather,Conan Gray,4xqrdfXkTW4T0RauPLv3WA,3/20/2020,1675083208.0,80.0,138807824.0,755895289.0,0.357,0.425,0.27,102.078,-7.301,0.584,0.0333,0.0,0.322,pop,False,87,2020
TV,Billie Eilish,2fLY3sJdbXHDj7FaQHNqKg,7/21/2022,572602278.0,76.0,115201405.0,104843270.0,0.412,0.236,0.119,140.214,-15.159,0.83,0.0379,0.00653,0.147,pop,False,8,2022
Take Me to Church,Hozier,3dYD57lRAUcMHufyqn9GcI,9/16/2013,2544489950.0,78.0,1690342490.0,261203495.0,0.566,0.664,0.437,128.945,-5.303,0.634,0.0464,0.0,0.116,singer-songwriter,False,83,2013
It's You,Ali Gatie,5DqdesEfbRyOlSS3Tf6c29,6/14/2019,1123039235.0,72.0,763620890.0,590573342.0,0.732,0.463,0.397,95.971,-6.972,0.374,0.0287,0.0,0.194,hip-hop,False,80,2019
Venom - Music From The Motion Picture,Eminem,3kpYJjvM8Ja6btr5hEJLWc,8/31/2018,788282679.0,68.0,872454191.0,5580305533.0,0.75,0.789,0.467,135.954,-5.058,0.0148,0.0647,0.0,0.501,hip-hop,True,74,2018
Oh My God,Adele,3Kkjo3cT83cw09VJyrLNwX,11/19/2021,562200390.0,68.0,175552661.0,324045421.0,0.534,0.725,0.55,88.098,-3.906,0.091,0.046,0.0,0.0264,british,False,82,2021
Leave Out All The Rest,Linkin Park,58AS4weYlUWvGztZbKIuAU,4/12/2024,270590102.0,,,,0.514,0.637,0.18,80.401,-6.418,0.213,0.0363,2.24e-06,0.389,alternative,False,55,2024
The Feels,TWICE,308Ir17KlNdlrbVLHWhlLe,10/1/2021,431638330.0,66.0,564641494.0,2323894242.0,0.808,0.903,0.922,120.044,-2.179,0.0899,0.0729,0.0,0.0816,k-pop,False,78,2021
Someone Like You,Adele,3bNv3VuUOKgrf5hu3YcuRo,1/18/2011,1925879064.0,75.0,759564393.0,401049702.0,0.556,0.319,0.294,135.187,-8.251,0.893,0.0281,0.0,0.0996,british,False,81,2011
Boss Bitch,Doja Cat,3stdy0xXNOgwFAB94FzVSj,1/23/2020,878349171.0,70.0,522643821.0,3582425112.0,0.707,0.955,0.575,125.993,-4.593,0.127,0.222,0.0,0.203,dance,False,0,2020
the remedy for a broken heart (why am I so in love),XXXTENTACION,4UKCKdYiLN6IMA5ZESUTL7,3/16/2018,959078765.0,69.0,402582220.0,955370530.0,0.699,0.304,0.271,119.705,-11.192,0.779,0.0993,0.000993,0.137,emo,True,79,2018
'Til You Can't,Cody Johnson,02HqnDssYA62iGapkpJIkJ,6/11/2021,258769609.0,68.0,145224400.0,116117655.0,0.501,0.815,0.46,160.087,-4.865,0.0513,0.0436,0.0,0.106,country,False,1,2021
The Spectre,Alan Walker,2DGa7iaidT5s0qnINlwMjJ,9/15/2017,428110164.0,67.0,1517036583.0,1924971468.0,0.654,0.711,0.198,127.957,-7.437,0.0214,0.0383,0.00191,0.0903,electro,False,72,2017
Ferxxo 100,Feid,1WDDMw1k46OS4W2IGxmLzj,6/3/2022,444613276.0,73.0,328723503.0,179088549.0,0.705,0.562,0.569,163.893,-3.378,0.257,0.0674,0.0,0.137,latin,False,4,2022
Shower,Becky G,3DmW6y7wTEYHJZlLo1r6XJ,1/1/2014,809840469.0,73.0,550108518.0,2999189391.0,0.699,0.529,0.121,119.987,-7.548,0.0317,0.0487,3.59e-05,0.285,dance,False,78,2014
Control,Zoe Wees,50Td3qilgs8BLtv8mHyT1t,3/13/2020,457848626.0,66.0,246089222.0,1783816089.0,0.599,0.465,0.0678,113.82,-4.95,0.643,0.0314,1.57e-06,0.149,german,False,77,2020
My Head & My Heart,Ava Max,6G7EPeSIjwMKCumrKNsnCt,9/18/2020,518293446.0,69.0,312305062.0,76367154.0,0.614,0.934,0.436,116.001,-3.709,0.0697,0.07,0.0,0.121,dance,False,0,2020
After Hours,The Weeknd,0MnmtOOke4uQVBMAjIgwVZ,2/19/2020,942637026.0,75.0,335729967.0,663247978.0,0.651,0.567,0.138,108.953,-5.941,0.0934,0.0317,0.00991,0.124,pop,False,0,2020
Pompeii,Bastille,3oaqIiIIu9KUrfqE4AeT93,1/1/2013,1590278292.0,71.0,892426661.0,587669621.0,0.68,0.711,0.571,127.436,-6.371,0.0918,0.0414,0.0,0.241,rock,False,1,2013
Hold On,Justin Bieber,1gMnyo0OUAL6HDJ39lyVwU,3/5/2021,749776475.0,65.0,255815308.0,250017692.0,0.658,0.634,0.29,139.98,-5.797,0.0106,0.0413,0.0,0.132,pop,False,0,2021
cardigan,Taylor Swift,14MGlCeQzAJj3EeznSGeEC,7/24/2020,1307283069.0,80.0,250157022.0,2941268049.0,0.612,0.58,0.534,130.045,-8.572,0.525,0.0419,0.000414,0.26,pop,False,0,2020
KICK BACK,Kenshi Yonezu,3khEEPRyBeOUabbmOPJzAG,10/12/2022,360816226.0,70.0,171459970.0,1353881739.0,0.577,0.941,0.292,101.921,-5.17,0.00207,0.105,3.36e-06,0.0891,anime,False,83,2022
Just the Way You Are,Bruno Mars,7BqBn9nzAq8spo5e7cZ0dJ,7/20/2010,2099862852.0,79.0,2218318671.0,411934018.0,0.635,0.841,0.424,109.021,-5.379,0.0134,0.0422,0.0,0.0622,dance,False,82,2010
"How Far I'll Go - From ""Moana""",Alessia Cara,5EbX5xL3O2xT8FxCpYzgUO,10/28/2016,740261910.0,58.0,341087439.0,26579876.0,0.309,0.544,0.16,180.979,-9.621,0.155,0.352,0.000265,0.0727,electro,False,66,2016
we fell in love in october,girl in red,6FYfhKknpt05Om6YPcEYAg,1/1/2018,1034272727.0,77.0,235190444.0,2226783393.0,0.566,0.366,0.237,129.96,-12.808,0.113,0.028,0.181,0.155,indie-pop,False,80,2018
Sorry Not Sorry,Demi Lovato,2IUKSarmdxH3JeiSa2UZx2,7/11/2017,1156601592.0,67.0,782935937.0,278587450.0,0.705,0.643,0.884,143.944,-6.929,0.0242,0.232,0.0,0.262,dance,True,0,2017
Sex Sounds,Lil Tjay,5JtvedSVWW9McnoEAPJwQm,10/11/2019,413974601.0,69.0,157947172.0,438050984.0,0.857,0.427,0.366,130.033,-8.638,0.281,0.112,0.0,0.108,r-n-b,True,76,2019
Centuries,Fall Out Boy,04aAxqtGp5pv12UXAg4pkq,9/9/2014,1184571362.0,75.0,829829470.0,254037168.0,0.393,0.858,0.56,176.042,-2.868,0.00359,0.0729,0.0,0.102,emo,False,80,2014
What Makes You Beautiful,One Direction,4cluDES4hQEUhmXj6TXkSo,1/1/2011,1265397717.0,80.0,1864674236.0,437246025.0,0.726,0.787,0.888,124.99,-2.494,0.009,0.0737,0.0,0.0596,pop,False,84,2011
Beautiful Crazy,Luke Combs,2rxQMGVafnNaRaXlRMWPde,5/4/2018,828103564.0,77.0,594679967.0,122040522.0,0.551,0.402,0.382,103.313,-7.431,0.676,0.0262,0.0,0.0928,country,False,80,2018
Lover,Taylor Swift,6X7pjnNm5dHSUot6hp3KFU,8/16/2019,1413268808.0,81.0,492503095.0,921980357.0,0.359,0.543,0.453,68.505,-7.582,0.492,0.0915,1.57e-05,0.118,pop,False,0,2019
Follow You,Imagine Dragons,1skWrgJrEi6ZB4Wt5tYYAb,3/12/2021,412887321.0,65.0,186582105.0,155388095.0,0.542,0.732,0.489,124.912,-5.956,0.00209,0.0521,7.92e-05,0.496,rock,False,2,2021
Body Like A Back Road,Sam Hunt,48cWThoEPUC17cVfrcPnSX,2/1/2017,874864898.0,66.0,340287969.0,12493072.0,0.732,0.458,0.661,98.942,-7.225,0.447,0.0311,0.0,0.136,country,False,0,2017
Set Fire to the Rain,Adele,3di5hcvxxciiqwMH1jarhY,1/1/2011,1595514674.0,77.0,959699985.0,3469644756.0,0.603,0.67,0.446,107.993,-3.882,0.00408,0.0249,1.68e-06,0.112,british,False,80,2011
Worth It,Fifth Harmony,41Fflg7qHiVOD6dEPvsCzO,1/1/2014,815946405.0,67.0,2318717784.0,1277991912.0,0.858,0.78,0.602,99.984,-3.739,0.0478,0.0738,5.72e-05,0.133,dance,False,64,2014
2 Be Loved (Am I Ready),Lizzo,3yBOgD5rhyyQcnjhsk7qme,7/15/2022,335194737.0,62.0,63109208.0,1189348894.0,0.721,0.769,0.915,155.932,-4.111,0.0922,0.105,0.0,0.0817,hip-hop,False,3,2022
Shut Up and Dance,WALK THE MOON,4kbj5MwxO1bq9wjT5g9HaA,11/20/2011,1690450389.0,81.0,679433670.0,201004524.0,0.578,0.866,0.619,128.038,-3.804,0.00701,0.0619,0.0,0.257,alt-rock,False,83,2011
this is what falling in love feels like,JVKE,2PWTZV5znjLtZC5T1EVJvL,9/3/2021,477620800.0,72.0,149501582.0,2841508008.0,0.422,0.44,0.332,128.934,-5.53,0.617,0.0544,0.0,0.0837,indie-pop,False,73,2021
Firework,Katy Perry,4CqnZVnY48DT8Xwv3F3mco,1/1/2010,1065375074.0,67.0,1634743568.0,686049802.0,0.637,0.867,0.652,124.069,-3.686,0.143,0.05,0.0,0.11,dance,False,1,2010
When You're Gone,Shawn Mendes,5HxE0w9l186jzG1TBSCh0F,3/31/2022,323292046.0,71.0,65239480.0,190197488.0,0.605,0.713,0.603,147.166,-5.865,0.0203,0.0381,0.0,0.548,dance,False,0,2022
Runaway,AURORA,1v1oIWf2Xgh54kIWuKsDf6,2/7/2015,884816583.0,70.0,959919759.0,6276979194.0,0.422,0.302,0.123,114.089,-9.214,0.629,0.0372,7.83e-05,0.104,pop,False,79,2015
Die For You,The Weeknd,2Ch7LmS7r2Gy2kc64wv3Bz,11/25/2016,2265551950.0,74.0,117456314.0,879722331.0,0.582,0.525,0.51,133.249,-7.163,0.111,0.0627,0.0,0.134,pop,False,88,2016
Into You,Ariana Grande,76FZM38RC8XaAjJ77CVTNe,4/1/2016,1368497471.0,72.0,1149519353.0,340034199.0,0.623,0.734,0.372,107.853,-5.95,0.0162,0.107,1.9e-06,0.145,dance,False,76,2016
Thousand Miles,The Kid LAROI,1r8ZCjfrQxoy2wVaBUbpwg,4/22/2022,299159279.0,65.0,77821012.0,393771352.0,0.376,0.657,0.203,80.565,-4.658,0.0858,0.0768,0.0,0.0884,hip-hop,True,81,2022
Life Goes On,BTS,5FVbvttjEvQ8r2BgUcJgNg,11/20/2020,717715448.0,70.0,640225413.0,1177171729.0,0.566,0.716,0.45,81.068,-5.733,0.00691,0.0424,0.0,0.37,k-pop,False,79,2020
One Call Away,Charlie Puth,40z4EMfyGwTp5Tk48mu7Os,8/21/2015,833094374.0,69.0,975631232.0,730041228.0,0.667,0.613,0.472,91.024,-5.353,0.4,0.0345,0.0,0.115,dance,False,0,2015
Suavemente,Soolking,41C5SxPDN5z6GdvbtWRAv5,2/22/2022,159676691.0,59.0,328647215.0,535066055.0,0.865,0.682,0.508,140.052,-4.563,0.284,0.0548,0.00445,0.0422,french,False,74,2022
Locked Out Of Heaven,Bruno Mars,3w3y8KPTfNeOKPiqUTakBh,1/1/2012,2004657631.0,83.0,1400581749.0,91255671.0,0.726,0.698,0.867,143.994,-4.165,0.049,0.0431,0.0,0.309,dance,False,87,2012
"Love Me Like You Do - From ""Fifty Shades Of Grey""",Ellie Goulding,3zHq9ouUJQFQRf3cm1rRLu,7/24/2015,1532640437.0,6.0,2536191191.0,,0.262,0.606,0.275,189.857,-6.646,0.247,0.0484,0.0,0.125,dance,False,79,2015
Not Afraid,Eminem,7Ie9W94M7OjPoZVV216Xus,5/3/2010,1012914789.0,74.0,2040135706.0,1528287223.0,0.855,0.954,0.668,114.635,-1.19,0.529,0.264,0.0,0.205,hip-hop,True,81,2010
Bad Romance,Lady Gaga,7oBxxv6C5ttINeFHzOVwS4,1/1/2009,1229109018.0,77.0,2049116263.0,687368332.0,0.695,0.921,0.714,119.007,-3.752,0.00314,0.0363,5.26e-05,0.0842,dance,True,0,2009
Apocalypse,Cigarettes After Sex,0yc6Gst2xkRu0eMLeRMGCX,3/21/2017,1305189811.0,82.0,237610293.0,435331773.0,0.37,0.467,0.182,94.485,-9.013,0.0205,0.0273,0.572,0.109,ambient,False,84,2017
Next Thing You Know,Jordan Davis,2lNTHWu2I5Tcz9ukWsV5Jj,8/12/2022,233212999.0,71.0,8294089.0,228973807.0,0.557,0.597,0.414,78.526,-8.296,0.646,0.048,0.0,0.0974,country,False,75,2022
Habits (Stay High),Tove Lo,7HhGlOY35npbHi4RxiT4WQ,3/15/2013,919756735.0,69.0,1690599219.0,685728708.0,0.688,0.719,0.406,110.014,-3.402,0.0415,0.0354,5.63e-05,0.0921,electro,False,0,2013
God's Country,Blake Shelton,6hES6A4ZOL8MzYpULEfsoZ,3/29/2019,367775924.0,62.0,312724268.0,1035596168.0,0.537,0.754,0.212,139.986,-5.102,0.0586,0.0399,4.8e-06,0.118,country,False,0,2019
Alone,Alan Walker,3LlmKSHR3Rs0Y3KHQLAYDk,1/1/2016,738909649.0,70.0,1695861663.0,388592360.0,0.673,0.914,0.183,97.021,-3.962,0.229,0.0496,0.000478,0.186,electro,False,74,2016
IDOL,BTS,1e8J3XClxZbFmvIHLI8CE4,8/24/2018,458842811.0,65.0,1476805343.0,664328364.0,0.733,0.855,0.42,126.035,-3.211,0.00481,0.118,0.0,0.123,k-pop,False,75,2018
Betty (Get Money),Yung Gravy,4cacyP5c3PMlfnyjpg13xW,6/10/2022,262402978.0,59.0,68754110.0,2904979024.0,0.723,0.772,0.58,102.004,-6.784,0.00524,0.0792,1.15e-05,0.367,hip-hop,False,87,2022
The Nights,Avicii,0ct6r3EGTcMLPtrXHDvVjc,11/20/2011,1780761618.0,79.0,1147006109.0,3389115337.0,0.527,0.835,0.654,125.983,-5.298,0.0166,0.0433,0.0,0.249,dance,False,86,2011
Run,OneRepublic,3tjC9XdMwEF8KW82F6rV6f,5/5/2021,567806129.0,70.0,99979912.0,228981445.0,0.682,0.72,0.673,117.003,-8.173,0.326,0.0381,0.0,0.148,piano,False,0,2021
Without Me,Eminem,7lQ8MOhq6IN2w8EYcFNSUk,8/4/2016,2146682342.0,,1938496621.0,,0.908,0.669,0.662,112.238,-2.827,0.00286,0.0738,0.0,0.237,hip-hop,True,88,2016
Vete,Bad Bunny,5DxXgozhkPLgrbKFY91w0c,11/21/2019,991885224.0,64.0,600051690.0,76307093.0,0.886,0.672,0.526,91.976,-4.394,0.0363,0.188,8.78e-06,0.101,latino,True,79,2019
Que Tire Pa Lante,Daddy Yankee,6RyaV7owmVU6fzEPE17sF1,10/18/2019,375589989.0,59.0,1084403143.0,223724566.0,0.658,0.901,0.708,93.979,-2.814,0.0478,0.0357,0.0,0.12,latino,False,69,2019
ANTIFRAGILE,LE SSERAFIM,4fsQ0K37TOXa3hEQfjEic1,10/17/2022,458713465.0,70.0,263768312.0,1964836293.0,0.882,0.797,0.824,105.025,-3.299,0.0821,0.0819,0.0,0.113,k-pop,False,77,2022
I Hope,Gabby Barrett,4BPcGND7l0vR0D2Ky8mJP1,1/25/2019,399778802.0,66.0,271330319.0,109246978.0,0.466,0.536,0.377,75.998,-6.227,0.0951,0.0429,0.0,0.114,country,False,74,2019
TOMBOY,(G)I-DLE,0IGUXY4JbK18bu9oD4mPIm,3/14/2022,286016224.0,67.0,496270574.0,232860888.0,0.755,0.87,0.645,124.032,-2.414,0.00988,0.0936,0.0,0.0917,k-pop,False,80,2022
Hold On,Chord Overstreet,5vjLSffimiIP26QG5WcN2K,2/3/2017,847578246.0,73.0,817730890.0,1343189392.0,0.618,0.443,0.167,119.949,-9.681,0.469,0.0526,0.0,0.0829,acoustic,False,82,2017
bury a friend,Billie Eilish,6ZRF2oj59pKnVYjHcvN2Pa,1/30/2019,1014870547.0,68.0,574257361.0,1519293340.0,0.887,0.388,0.205,120.035,-14.505,0.739,0.349,0.143,0.106,electro,False,5,2019
double take,Dhruv,47isJpIIO8m7BJEhiFhnaf,5/24/2019,826685494.0,76.0,353174602.0,4653743727.0,0.456,0.437,0.209,108.678,-11.156,0.839,0.0867,0.0,0.218,chill,False,75,2019
5 Foot 9,Tyler Hubbard,4rMLQycynM5w0fmZregNe7,5/20/2022,193680404.0,65.0,893876.0,161738459.0,0.602,0.796,0.53,106.005,-5.609,0.146,0.0465,0.0,0.125,country,False,1,2022
Animals,Maroon 5,3h4T9Bg8OVSUYa6danHeH5,11/20/2011,1365755853.0,74.0,1285233400.0,694003171.0,0.279,0.742,0.328,189.868,-6.46,0.000185,0.0898,0.0,0.593,pop,False,70,2011
DNA,BTS,3uRLwBjI2TahxslcMTvpFs,9/18/2017,632727904.0,63.0,1758381885.0,537359844.0,0.599,0.775,0.696,129.817,-4.018,0.0217,0.0543,0.0,0.0678,k-pop,False,73,2017
EL BARCO,KAROL G,3fB70pYlNuZCm29h41d9Rm,3/25/2021,304116211.0,72.0,692863553.0,184413760.0,0.85,0.847,0.915,143.975,-3.435,0.606,0.0435,0.000159,0.33,reggae,False,3,2021
Fingers Crossed,Lauren Spencer Smith,3yMC1KsTwh0ceXdIe4QQAQ,1/5/2022,437029775.0,67.0,60320365.0,261236772.0,0.56,0.473,0.441,109.414,-7.23,0.618,0.0533,0.0,0.31,singer-songwriter,False,81,2022
How Far I'll Go,Auli'i Cravalho,1ERshJBUZysordGDZr5B3t,11/18/2016,611088459.0,67.0,1505578850.0,149410833.0,0.571,0.307,0.108,83.72,-10.958,0.649,0.0499,0.0,0.178,disney,False,49,2016
Hecha Pa' Mi,Boza,3VvA1wSxukMLsvXoXtlwWx,7/31/2020,627556563.0,67.0,315121318.0,829202200.0,0.725,0.756,0.828,100.07,-5.013,0.362,0.0572,0.000685,0.103,latino,False,75,2020
Calling My Spirit,Kodak Black,5oibpY8nzNR2uCPKMzLeK0,11/30/2018,298721490.0,59.0,162438129.0,13981094.0,0.918,0.362,0.744,120.007,-9.943,0.116,0.0905,0.0,0.263,hip-hop,False,0,2018
Everybody Dies In Their Nightmares,XXXTENTACION,3GVkPk8mqxz0itaAriG1L7,8/25/2017,1590659204.0,77.0,567076854.0,616913553.0,0.734,0.57,0.689,129.953,-7.066,0.847,0.133,2.14e-05,0.112,emo,True,85,2017
Ho Hey,The Lumineers,1K3LRUEcUz5FMtPYyg0F45,1/1/2012,1273869800.0,76.0,370952126.0,172101115.0,0.682,0.471,0.421,79.907,-9.182,0.765,0.0301,0.0,0.0908,folk,False,79,2012
Bijlee Bijlee,Harrdy Sandhu,1iZLpuGMr4tn1F5bZu32Kb,10/30/2021,185690034.0,62.0,653915314.0,52219515.0,0.795,0.67,0.643,100.004,-5.313,0.269,0.143,0.0,0.0733,pop,False,74,2021
Diamonds,Sam Smith,3tj1y5eQNFMcXnkH0AcXTm,9/17/2020,411109963.0,58.0,205575225.0,254269639.0,0.653,0.667,0.556,104.181,-6.764,0.154,0.0423,0.0,0.107,dance,False,3,2020
Do I Wanna Know?,Arctic Monkeys,5FVd6KXrgO9B3JPmC8OPst,1/1/2013,2188592950.0,81.0,457550865.0,71629637.0,0.548,0.532,0.405,85.03,-7.596,0.186,0.0323,0.000263,0.217,garage,False,88,2013
Another Love,Tom Odell,3JvKfv6T31zO0ini8iNItO,1/1/2012,2444335468.0,83.0,996981745.0,714451407.0,0.445,0.537,0.131,122.769,-8.532,0.695,0.04,1.65e-05,0.0944,chill,True,93,2012
As If It's Your Last,BLACKPINK,4ZxOuNHhpyOj4gv52MtQpT,6/22/2017,594775179.0,70.0,1658892938.0,716217499.0,0.786,0.852,0.455,125.036,-2.687,0.0687,0.0813,0.0,0.0759,k-pop,False,77,2017
Look At Me!,XXXTENTACION,7floNISpH8VF4z4459Qo18,2/20/2017,1432465000.0,75.0,529846128.0,2685984395.0,0.763,0.726,0.349,139.059,-6.405,0.259,0.282,0.0,0.0976,emo,True,82,2017
"break up with your girlfriend, i'm bored",Ariana Grande,4kV4N9D1iKVxx1KLvtTpjS,2/8/2019,975281654.0,69.0,672090558.0,218317192.0,0.726,0.554,0.335,169.999,-5.29,0.0421,0.0917,0.0,0.106,dance,True,78,2019
Shaky Shaky,Daddy Yankee,4u9jtJXU6fAbBBmWL6VB0E,4/8/2016,355833360.0,57.0,1841152614.0,580818135.0,0.899,0.626,0.873,88.007,-4.228,0.076,0.292,0.0,0.0631,hip-hop,False,0,2016
El Amante,Nicky Jam,3umS4y3uQDkqekNjVpiRUs,1/1/2017,583299836.0,64.0,1463687327.0,107045562.0,0.683,0.691,0.732,179.91,-5.535,0.243,0.0432,0.0,0.14,latino,False,69,2017
Way down We Go,KALEO,0y1QJc3SJVPKJ1OvFmFqe6,8/7/2015,1086861259.0,79.0,836662907.0,4201171109.0,0.489,0.505,0.337,163.255,-8.022,0.579,0.117,0.000333,0.104,alt-rock,False,78,2015
PILLOWTALK,ZAYN,0PDUDa38GO8lMxLCRc4lL1,3/25/2016,1320205697.0,71.0,1389678876.0,191249307.0,0.584,0.7,0.438,124.944,-4.275,0.117,0.0456,0.0,0.0939,dance,True,78,2016
Libaas,Kaka,0vqw3BCyNr3DDVBmjD21H8,11/19/2020,76630812.0,51.0,964253382.0,99450429.0,0.794,0.753,0.906,159.965,-3.112,0.543,0.0609,0.0,0.12,pop,False,65,2020
Un Coco,Bad Bunny,6VrQTLzzuyGIYjUDe4kAZk,5/6/2022,534736940.0,73.0,243635144.0,327984369.0,0.839,0.69,0.744,151.991,-4.464,0.207,0.0615,8.33e-06,0.176,latino,False,87,2022
Love You So,The King Khan & BBQ Show,5rwQGBi5mdmU7dqNM7x9Oo,1/1/2005,16326628.0,44.0,7603329.0,214843956590.0,0.398,0.909,0.644,115.162,-2.493,0.714,0.0593,0.000553,0.286,blues,False,58,2005
ON,BTS,0fZRNhPJ4AGmwY7rkpdbqK,2/21/2020,452491920.0,64.0,945639729.0,359662248.0,0.583,0.817,0.437,105.935,-5.146,0.118,0.099,0.0,0.338,k-pop,False,74,2020
Don't Call Me Up,Mabel,5WHTFyqSii0lmT9R21abT8,1/18/2019,1016283394.0,68.0,460509010.0,45585575.0,0.674,0.881,0.234,98.994,-2.853,0.296,0.147,3.01e-06,0.0793,edm,False,77,2019
YuNg BrAtZ,XXXTENTACION,2ooF4088y5L72c4YTEJQoB,5/16/2017,442472374.0,68.0,99029913.0,437018233.0,0.755,0.695,0.493,128.063,-5.963,0.0179,0.26,0.0,0.107,emo,True,76,2017
The Search,NF,2OKo7g3KfmCt3kyLvUAL0g,5/30/2019,582823215.0,69.0,362990075.0,394839659.0,0.789,0.786,0.39,119.957,-4.788,0.596,0.297,0.0,0.0997,hip-hop,False,74,2019
Ay Vamos,J Balvin,6Ges5C2IE738iJh4HyQizQ,3/3/2014,385438228.0,68.0,2103164374.0,55635484.0,0.718,0.711,0.92,173.916,-5.746,0.157,0.11,5.54e-05,0.1,latino,False,69,2014
A-O-K,Tai Verdes,1sx0XsWUusUoPstbvokZjP,5/6/2021,389915082.0,66.0,12456282.0,3623326028.0,0.731,0.626,0.862,82.488,-6.919,0.125,0.0805,0.0,0.183,indie-pop,True,77,2021
Shotgun,George Ezra,4ofwffwvvnbSkrMSCKQDaC,3/23/2018,930662973.0,71.0,473069489.0,114370699.0,0.673,0.735,0.754,115.744,-4.733,0.286,0.0457,0.0,0.242,folk,False,78,2018
Kiss Me,Dermot Kennedy,2hFDO1f9t96wZZdQnn5ejI,9/2/2022,149237160.0,65.0,60539963.0,52556917.0,0.646,0.863,0.459,120.08,-2.046,0.00203,0.0367,0.0,0.0686,folk,False,68,2022
Goosebumps,HVME,20McUFi8KCIVdNDLrkTDuZ,6/12/2020,495274429.0,63.0,78671735.0,354473655.0,0.767,0.659,0.439,124.946,-7.429,0.325,0.0444,0.0,0.13,house,True,75,2020
HP,Maluma,1LIqNVhaIgxXUt2eVoIQJ3,3/1/2019,614313540.0,64.0,978997170.0,48469382.0,0.837,0.791,0.618,91.98,-3.157,0.252,0.0773,1.14e-06,0.188,latino,True,72,2019
I'm a Mess,Bebe Rexha,04ZTP5KsCypmtCmQg5tH9R,6/15/2018,671869078.0,65.0,686180183.0,184425042.0,0.63,0.694,0.216,97.005,-6.257,0.00281,0.0253,0.0,0.0719,dance,False,74,2018
Un Ratito,Bad Bunny,5CzixCxDkRXX9mScCmah8O,5/6/2022,500671737.0,70.0,204437602.0,66367676.0,0.787,0.546,0.222,93.05,-7.094,0.305,0.0532,4.55e-05,0.122,latino,False,87,2022
FAKE LOVE,BTS,6m1TWFMeon7ai9XLOzdbiR,8/24/2018,800203170.0,57.0,1349952981.0,,0.557,0.719,0.345,77.502,-4.515,0.00267,0.0371,0.0,0.306,k-pop,False,76,2018
The Sound Of Silence,Disturbed,6ZvHLqK1T4EVzWx372MHto,1/1/2015,777947820.0,70.0,1442138188.0,297856843.0,0.322,0.28,0.175,85.794,-9.367,0.468,0.0281,1.1e-06,0.102,alternative,False,41,2015
Higher Power,Coldplay,0Cr69H8rDTrwIkJV27sUYj,5/7/2021,349603788.0,63.0,137534459.0,343629235.0,0.507,0.828,0.489,178.032,-6.023,0.00711,0.0449,2.44e-05,0.261,pop,False,0,2021
Prohibidox,Feid,1Kg1pUYOa3mYdQG9zi7SjV,9/14/2022,289624210.0,70.0,201168669.0,298398790.0,0.647,0.801,0.517,180.108,-2.946,0.0451,0.249,0.0,0.0628,latin,False,7,2022
Joga o Bum Bum Tam Tam,MC Fioti,30GqVivI3eb7OgonUemcjf,6/14/2017,191584138.0,34.0,1924788325.0,,0.932,0.485,0.43,131.959,-8.926,0.609,0.0965,0.0295,0.141,funk,True,61,2017
soso,Omah Lay,1wADwLSkYhrSmy4vdy6BRn,6/24/2022,167668390.0,71.0,185746447.0,984682218.0,0.711,0.725,0.53,105.016,-8.315,0.424,0.0941,0.129,0.11,dancehall,False,63,2022
You Say,Lauren Daigle,6Up545NUflOiXo8cEraH49,7/13/2018,542480898.0,68.0,435065136.0,401544074.0,0.494,0.632,0.0797,147.873,-6.89,0.682,0.0342,0.0,0.0869,alt-rock,False,75,2018
BOOMBAYAH,BLACKPINK,13MF2TYuyfITClL1R2ei6e,8/8/2016,534374502.0,68.0,1785015062.0,368912538.0,0.661,0.836,0.396,124.952,-3.164,0.00268,0.059,0.0,0.497,k-pop,False,77,2016
Last Friday Night (T.G.I.F.),Katy Perry,3kxjFpTR85S7ktQMluiRSD,1/1/2010,1144535829.0,71.0,1604084148.0,592235618.0,0.65,0.817,0.728,126.024,-3.826,0.00124,0.0441,1.14e-05,0.658,dance,False,0,2010
295,Sidhu Moose Wala,5W7DOVGQLTigu09afW7QMT,5/15/2021,267897492.0,68.0,677472355.0,98802368.0,0.557,0.794,0.432,91.366,-5.698,0.179,0.2,0.0,0.106,hip-hop,False,78,2021
I'm Yours,Jason Mraz,1EzrEOXmMH3G43AXT1y7pA,1/1/2008,1878098512.0,72.0,359866287.0,175364993.0,0.703,0.444,0.712,150.96,-9.331,0.559,0.0417,0.0,0.0973,acoustic,False,80,2008
Wrecked,Imagine Dragons,7KajXhT7csT80wZXs2skAp,7/2/2021,309587427.0,64.0,199356851.0,34312597.0,0.625,0.562,0.229,93.998,-5.828,0.149,0.0289,1.67e-05,0.109,rock,False,2,2021
MANIAC,Stray Kids,63irPUP3xB74fHdw1Aw9zR,3/18/2022,293724552.0,68.0,343273995.0,866409009.0,0.581,0.8,0.709,119.872,-2.613,0.154,0.411,0.0,0.0697,k-pop,False,80,2022
After LIKE,IVE,2gYj9lubBorOPIVWsTXugG,8/22/2022,365203093.0,69.0,281724902.0,49211096.0,0.68,0.922,0.799,125.014,-1.215,0.103,0.121,0.0,0.0877,k-pop,False,88,2022
idontwannabeyouanymore,Billie Eilish,41zXlQxzTi6cGAjpOXyLYH,7/21/2017,1091185920.0,72.0,522422864.0,372214292.0,0.483,0.412,0.247,170.163,-8.461,0.737,0.0402,0.0,0.116,electro,False,81,2017
World's Smallest Violin,AJR,68EkhVWIeULhHxcbi1QhzK,1/1/2021,343227483.0,63.0,239480315.0,6292383402.0,0.68,0.697,0.684,116.033,-7.01,0.121,0.0484,0.0,0.661,rock,True,80,2021
Night Changes,One Direction,5O2P9iiztwhomNh8xkR9lJ,11/17/2014,1548151634.0,83.0,948760574.0,1820024186.0,0.672,0.52,0.37,120.001,-7.747,0.859,0.0353,0.0,0.115,pop,False,88,2014
Still Don't Know My Name,Labrinth,6N22FZs2ZhPBYi3b9XPajV,10/4/2019,666107710.0,71.0,234005957.0,5185694852.0,0.316,0.63,0.313,89.643,-5.963,0.471,0.117,0.262,0.205,indie-pop,False,80,2019
In Case You Didn't Know,Brett Young,10M2Ex445zw585Ducldzkw,1/1/2016,560774282.0,68.0,861165099.0,216533242.0,0.607,0.536,0.434,147.986,-7.306,0.386,0.0305,0.0,0.102,country,False,75,2016
I CAN'T STOP ME,TWICE,37ZtpRBkHcaq6hHy0X98zn,10/26/2020,384886220.0,65.0,681682229.0,666762692.0,0.657,0.88,0.769,150.084,-3.672,0.121,0.102,0.0,0.463,k-pop,False,76,2020
Vivir Mi Vida,Marc Anthony,3QHMxEOAGD51PDlbFPHLyJ,7/23/2013,618671056.0,71.0,1398550208.0,302300755.0,0.656,0.877,0.894,105.018,-3.231,0.345,0.0342,0.0,0.349,salsa,False,76,2013
"Lose Yourself - From ""8 Mile"" Soundtrack",Eminem,1v7L65Lzy0j0vdpRjJewt1,10/29/2002,2194935773.0,75.0,1360758976.0,20114190.0,0.686,0.735,0.0596,171.355,-4.616,0.00921,0.264,0.00066,0.342,hip-hop,True,79,2002
willow,Taylor Swift,3AYtDDIbG4DQxnEFELeFag,12/10/2020,844790027.0,72.0,189534686.0,212587391.0,0.392,0.579,0.549,80.961,-9.195,0.835,0.164,0.00179,0.145,pop,False,0,2020
Send My Love (To Your New Lover),Adele,563SfWAHJs4FBZMkRN0IFN,11/20/2015,1064599051.0,66.0,997993764.0,261382201.0,0.688,0.533,0.567,164.069,-8.363,0.0355,0.0865,3.48e-06,0.172,british,False,72,2015
One Last Time,Ariana Grande,7xoUc6faLbCqZO6fQEYprd,8/21/2014,1465918510.0,77.0,1101895606.0,285511671.0,0.628,0.593,0.104,125.026,-5.036,0.093,0.0323,1.65e-06,0.096,dance,False,83,2014
Dos Mil 16,Bad Bunny,4d4ZXH4dr5bYfgErHiZCX2,5/6/2022,426904285.0,71.0,198252709.0,679567159.0,0.817,0.67,0.495,130.058,-6.534,0.123,0.0506,1.92e-06,0.128,latino,False,87,2022
Bad At Love,Halsey,7y9iMe8SOB6z3NoHE2OfXl,6/2/2017,635393773.0,59.0,575220523.0,84632348.0,0.675,0.751,0.612,118.384,-3.539,0.0604,0.0296,0.0,0.0893,electro,False,74,2017
The Adults Are Talking,The Strokes,5ruzrDWcT0vuJIOMW7gMnW,4/10/2020,457933102.0,76.0,161335622.0,521061584.0,0.593,0.749,0.649,164.959,-5.67,0.0113,0.0475,0.106,0.314,alt-rock,False,79,2020
Emotionally Scarred,Lil Baby,0nsZBSzz5WG7onOtEL5mqj,2/28/2020,289652584.0,63.0,310518713.0,40742074.0,0.585,0.641,0.266,88.284,-4.269,0.0286,0.133,0.0,0.316,hip-hop,True,2,2020
Burn,Ellie Goulding,2GgxS8bUT5G25QJTsfSv0R,1/1/2012,784334383.0,68.0,1776560692.0,112921980.0,0.559,0.777,0.329,87.016,-5.031,0.31,0.0432,0.0,0.105,edm,False,71,2012
When We Were Young,Adele,6O5TrlFWTYvznd9fMC0VvU,11/20/2015,1284096603.0,71.0,1021758621.0,348333229.0,0.376,0.595,0.265,144.361,-5.936,0.303,0.0496,0.0,0.095,british,False,79,2015
Safe And Sound,Capital Cities,6Z8R6UsFuGXGtiIxiD8ISb,1/1/2012,1286089822.0,78.0,291434533.0,774957680.0,0.655,0.819,0.766,117.956,-4.852,0.000176,0.0316,0.00374,0.104,rock,False,83,2012
Teeth,5 Seconds of Summer,26wLOs3ZuHJa2Ihhx6QIE6,8/21/2019,683247723.0,71.0,322965834.0,561046941.0,0.756,0.448,0.431,139.031,-2.993,0.0508,0.0404,3.87e-06,0.11,dance,False,79,2019
FEARLESS,LE SSERAFIM,296nXCOv97WJNRWzIBQnoj,5/2/2022,312942305.0,62.0,386459691.0,1245609565.0,0.863,0.62,0.432,103.971,-7.167,0.0508,0.135,0.00324,0.129,k-pop,False,83,2022
Where It Ends,Bailey Zimmerman,1ubwDgxIb5ztWAkYxppOCi,8/19/2022,178441881.0,75.0,24354425.0,161742703.0,0.431,0.837,0.648,170.041,-5.067,0.259,0.0432,0.0,0.0879,country,False,1,2022
Soap,Melanie Martinez,2ilLde312SB0ADAza3IbY6,7/10/2015,349538935.0,67.0,147735161.0,2568929437.0,0.594,0.689,0.209,168.112,-6.107,0.259,0.148,5.49e-06,0.129,electro,False,0,2015
Tyler Herro,Jack Harlow,3w1WjD2zJqjBjDz5fwqQPJ,10/22/2020,555631717.0,66.0,124710525.0,148481502.0,0.792,0.793,0.775,123.031,-6.185,0.0872,0.0841,0.0,0.22,k-pop,True,74,2020
Ophelia,The Lumineers,5NORWMFC27ywGSZxi8uquP,2/5/2016,1274848626.0,70.0,267224710.0,234589315.0,0.664,0.573,0.566,76.023,-6.519,0.613,0.0277,0.000363,0.0857,folk,False,79,2016
you should see me in a crown,Billie Eilish,5mvAPEp2FA2myWJAE1FYt3,7/18/2018,860596912.0,71.0,520754022.0,397345798.0,0.683,0.534,0.284,150.469,-10.348,0.519,0.189,0.247,0.148,electro,False,0,2018
Dandelions,Ruth B.,2eAvDnpXP5W0cVtiI0PUxV,4/28/2017,1561518107.0,82.0,96339252.0,7603775552.0,0.609,0.692,0.454,116.959,-2.958,0.0157,0.0259,0.0,0.0864,pop,False,90,2017
I Love You So,The Walters,4SqWKzw0CbA05TGszDgMlc,11/28/2014,1410353130.0,83.0,417265571.0,3241952947.0,0.575,0.648,0.466,75.977,-4.891,0.583,0.0358,0.0,0.115,indie,False,89,2014
comethru,Jeremy Zucker,18uwL0vNUanqZH0ro2QcOP,9/7/2018,822935346.0,69.0,659693784.0,581871422.0,0.795,0.178,0.608,93.982,-11.991,0.607,0.0574,0.0,0.623,electro,False,79,2018
Little Dark Age,MGMT,2Y0iGXY6m6immVb2ktbseM,10/17/2017,641453269.0,72.0,409991163.0,2500579993.0,0.705,0.712,0.62,97.512,-6.156,0.0102,0.0385,0.000855,0.1,alt-rock,False,83,2017
ELEVEN,IVE,7n2FZQsaLb7ZRfRPfEeIvr,12/1/2021,306760464.0,66.0,458931624.0,1292286614.0,0.828,0.731,0.587,119.978,-3.033,0.0617,0.111,0.0,0.048,k-pop,False,79,2021
Hasta el Amanecer,Nicky Jam,5Fim1gaXBgsiFfsQAfQSDS,1/15/2016,560103803.0,,1596092291.0,,0.832,0.608,0.589,94.013,-6.042,0.282,0.0385,0.0,0.0761,latino,False,71,2016
I'm Not The Only One,Sam Smith,0zhGFpuiYroEopRgqD04F5,1/1/2014,1879966374.0,77.0,464847219.0,417275446.0,0.684,0.487,0.456,81.997,-5.887,0.495,0.0367,4.57e-06,0.0821,dance,False,1,2014
Chlorine,Twenty One Pilots,23OXdR7YuUBVWh5hSnYJau,10/5/2018,517990518.0,68.0,721254947.0,67549016.0,0.609,0.674,0.315,90.009,-7.388,0.0735,0.0548,0.06,0.345,rock,False,76,2018
Tennessee Orange,Megan Moroney,29zZmiBDLykYYTj7RN6VhV,9/2/2022,227893586.0,73.0,30913276.0,117505652.0,0.38,0.488,0.268,156.031,-6.637,0.126,0.029,7.23e-06,0.115,country,False,78,2022
Issues,Julia Michaels,2R789qQ3WNexbwgJpWReY1,1/13/2017,1214862854.0,69.0,333612581.0,142981272.0,0.722,0.417,0.451,113.965,-6.825,0.39,0.0618,0.0,0.0612,electro,False,0,2017
Dancing With Your Ghost,Sasha Alex Sloan,1TQXIltqoZ5XXyfCbAeSQQ,6/28/2019,573785235.0,71.0,67117513.0,1230812968.0,0.629,0.328,0.389,74.953,-8.284,0.768,0.029,2.5e-05,0.103,electro,False,80,2019
Zaroori Tha,Rahat Fateh Ali Khan,0JChw6k59cZxegh0SGceE1,12/31/2017,,,1651471016.0,,0.523,0.674,0.239,114.058,-4.832,0.771,0.0328,0.0,0.139,pop-film,False,65,2017
Runaway (U & I),Galantis,46lFttIf5hnUZMGvjK0Wxo,10/5/2014,895051532.0,72.0,619712411.0,730346946.0,0.506,0.805,0.383,126.008,-4.119,0.00711,0.0469,0.00193,0.0856,edm,False,75,2014
Numb,Linkin Park,2nLtzopw4rPReszdYBJU6h,3/24/2003,1720830668.0,80.0,2450982330.0,490782499.0,0.496,0.863,0.243,110.018,-4.153,0.0046,0.0381,0.0,0.639,alternative,False,83,2003
Wagon Wheel,Darius Rucker,7nzbdPYlaoVjV42rzBWStH,1/1/2013,727417273.0,73.0,563826762.0,101847028.0,0.535,0.661,0.596,148.121,-7.139,0.46,0.0304,0.0,0.142,country,False,1,2013
Out of Time,The Weeknd,52KDAbgFGCXZQVlOXy2XIQ,2/5/2021,451878749.0,70.0,221123432.0,233301151.0,0.629,0.763,0.809,93.023,-4.279,0.244,0.0453,0.0,0.312,pop,False,5,2021
About You,The 1975,1fDFHXcykq4iw8Gg7s5hG9,10/14/2022,350348521.0,75.0,63111604.0,793536731.0,0.416,0.762,0.461,95.967,-7.385,0.312,0.0279,0.804,0.0559,alt-rock,False,73,2022
Here's Your Perfect,Jamie Miller,2aTKrdenCq5qBOoJPFdn4P,4/30/2021,418998816.0,69.0,349432726.0,1962424177.0,0.558,0.454,0.424,113.12,-5.335,0.499,0.0551,0.0,0.146,soul,False,78,2021
Lovefool,twocolors,51Of5p3lKZeOg6itfs4og4,5/8/2020,359757970.0,62.0,216865947.0,658030330.0,0.677,0.766,0.198,123.062,-6.896,0.0219,0.0568,6.81e-06,0.129,edm,False,72,2020
Never Going Home,Kungs,6RhUZ7lOzOXuhmoYArOin6,4/28/2021,304069347.0,63.0,87407927.0,94926621.0,0.839,0.842,0.96,122.028,-4.703,0.0868,0.0392,0.0981,0.0548,house,False,0,2021
Waiting for the End,Linkin Park,1EWDtcKzwZqflFqdiN3fyv,4/12/2024,160127218.0,,,,0.487,0.961,0.323,170.005,-4.139,0.0415,0.132,1.15e-06,0.553,alternative,False,42,2024
Daisy,Ashnikko,0AUvWawuP0ibk4SQ3sIZjk,7/9/2020,509353753.0,63.0,231541575.0,842856226.0,0.834,0.663,0.774,121.876,-6.143,0.235,0.133,0.0,0.372,electro,True,71,2020
Stolen Dance,Milky Chance,34xGLuxM0rkxhCVyMSqwJO,1/1/2013,1460945792.0,76.0,224150562.0,2134365963.0,0.884,0.581,0.728,114.016,-8.813,0.427,0.0378,0.000206,0.0759,german,False,80,2013
Snowman,Sia,3IPpVTudk50Hj4VThfdzBP,11/9/2017,947770190.0,69.0,417814325.0,5479108705.0,0.716,0.511,0.324,104.964,-6.257,0.483,0.0332,0.0,0.0928,dance,False,3,2017
Heaven,Kane Brown,1HXy5I3HTWq8OvxCn0z7G7,10/6/2017,492361216.0,66.0,697287853.0,74609105.0,0.677,0.556,0.521,80.006,-6.544,0.263,0.0306,0.0,0.105,country,False,73,2017
Kaikai Kitan,Eve,6y4GYuZszeXNOXuBFsJlos,10/3/2020,404765225.0,68.0,470390576.0,561999669.0,0.584,0.911,0.606,92.502,-3.515,0.0119,0.09,0.0,0.119,anime,False,75,2020
Mary On A Cross,Ghost,2HZLXBOnaSRhXStMLrq9fD,9/13/2019,589145587.0,71.0,235289339.0,569986027.0,0.466,0.9,0.561,130.02,-4.469,0.000235,0.0447,0.00104,0.103,hard-rock,False,88,2019
Go Fuck Yourself,Two Feet,4NZrZgrRoR4GwR7flWOXRI,7/29/2016,649191183.0,68.0,645296970.0,1557145950.0,0.765,0.327,0.292,74.931,-8.029,0.571,0.277,0.0479,0.0787,indie-pop,True,77,2016
Summertime Sadness,Lana Del Rey,1L9lVBNz63TWO3mNxbiIa5,1/1/2011,1442872605.0,79.0,572303765.0,1549975311.0,0.559,0.674,0.197,111.976,-6.125,0.0312,0.0329,0.0,0.121,pop,False,0,2011
Acapulco,Jason Derulo,4yrU7Q7p7xxeL8mGT6MGYb,9/3/2021,442260324.0,65.0,83588626.0,310298540.0,0.774,0.792,0.507,122.062,-4.021,0.051,0.0523,0.0,0.155,dance,False,0,2021
Daddy Issues,The Neighbourhood,5E30LdtzQTGqRvNd7l6kG5,10/30/2015,1435372572.0,80.0,450121249.0,1122697302.0,0.588,0.521,0.337,85.012,-9.461,0.0678,0.0329,0.149,0.123,alt-rock,False,87,2015
Tu Aake Dekhle,King,0yCWDaAgOtg6TKlNCg9rwA,9/21/2020,410639967.0,69.0,619113386.0,61728216.0,0.77,0.84,0.192,96.012,-4.022,0.515,0.107,0.00452,0.145,hip-hop,False,81,2020
Pink + White,Frank Ocean,3xKsf9qdS1CyvXSMEid6g8,8/20/2016,1299650856.0,83.0,158016588.0,442090971.0,0.545,0.545,0.549,159.94,-7.362,0.667,0.107,5.48e-05,0.417,soul,False,85,2016
Space Song,Beach House,1ujxjsoNvh4XgS2fUNwkZ2,8/21/2015,1099069598.0,73.0,127534602.0,2588157478.0,0.509,0.79,0.625,147.073,-7.105,0.218,0.0293,0.125,0.144,indie-pop,False,73,2015
Rude,MAGIC!,6RtPijgfPKROxEzTHNRiDp,7/23/2013,,,2541095833.0,,0.773,0.758,0.925,144.033,-4.993,0.0422,0.0381,0.0,0.305,reggae,False,81,2013
My Way,Calvin Harris,1vvNmPOiUuyCbgWmtc6yfm,9/16/2016,1014534913.0,73.0,615907345.0,56011096.0,0.818,0.913,0.536,119.986,-3.06,0.093,0.0426,3.69e-05,0.161,electro,False,76,2016
Fight Song,Rachel Platten,37f4ITSlgPX81ad2EvmVQr,12/2/2014,897794289.0,69.0,101998780.0,1021462418.0,0.564,0.714,0.33,175.924,-4.987,0.0549,0.129,0.0,0.155,rock,False,77,2014
Losing It,FISHER,6ho0GyrWZN3mhi9zVRW7xi,7/13/2018,523954769.0,67.0,96992359.0,313069043.0,0.76,0.964,0.643,125.003,-5.844,0.00181,0.0577,0.703,0.0975,house,False,75,2018
Hey Brother,Avicii,4lhqb6JvbHId48OUJGwymk,1/1/2013,1007623089.0,72.0,936816983.0,160676196.0,0.545,0.78,0.458,125.014,-4.867,0.0309,0.0436,4.64e-05,0.0828,edm,False,77,2013
Yet To Come,BTS,10SRMwb9EuVS1K9rYsBfHQ,6/10/2022,344744597.0,64.0,264915434.0,973086190.0,0.559,0.885,0.683,172.029,-4.515,0.0432,0.189,0.0,0.333,k-pop,False,85,2022
YKWIM?,Yot Club,2vWBUC9djv6BtiGlmKiQaH,5/31/2019,675984633.0,75.0,118564792.0,882048158.0,0.372,0.537,0.228,123.735,-7.623,0.937,0.0305,0.873,0.287,indie-pop,False,84,2019
Bellyache,Billie Eilish,51NFxnQvaosfDDutk0tams,2/24/2017,965899534.0,73.0,834705559.0,287094813.0,0.695,0.573,0.408,99.939,-8.597,0.46,0.106,0.0734,0.482,electro,False,79,2017
Wait a Minute!,WILLOW,5e08a8D8T3z4LDXbUIjxKQ,1/11/2015,1081039358.0,73.0,422709495.0,2051079047.0,0.764,0.705,0.672,101.003,-5.279,0.0371,0.0278,1.94e-05,0.0943,pop,False,69,2015
Ojos Marrones,Lasso,1JxslBg8n09fxlTU7l2NVq,6/3/2022,370988405.0,68.0,69184223.0,1614554007.0,0.804,0.642,0.687,119.996,-4.418,0.0442,0.0431,0.0,0.197,latin,False,0,2022
Typa Girl,BLACKPINK,3BHR1mJOqn2UZyq98YKPgd,9/16/2022,357054107.0,66.0,199710937.0,790229870.0,0.918,0.585,0.519,131.966,-7.781,0.0627,0.0889,0.0,0.624,k-pop,True,82,2022
Next Level,aespa,2zrhoHlFKxFTRF5aMyxMoQ,5/17/2021,245384123.0,68.0,514192282.0,693149332.0,0.82,0.852,0.82,109.036,-2.567,0.488,0.166,5.94e-06,0.0907,k-pop,False,74,2021
Whiskey Glasses,Morgan Wallen,6foY66mWZN0pSRjZ408c00,7/29/2016,806728296.0,75.0,429423484.0,74890093.0,0.614,0.68,0.707,149.959,-4.58,0.369,0.0289,1.84e-06,0.115,country,False,81,2016
Mercy,Shawn Mendes,0AS63m1wHv9n4VVRizK6Hc,8/18/2016,1351515181.0,74.0,602907962.0,169125285.0,0.555,0.662,0.356,148.128,-4.952,0.125,0.0827,0.0,0.111,dance,False,82,2016
Mount Everest,Labrinth,1ZdhOMWyFR8Iv9eylMGYg2,6/21/2019,612159812.0,72.0,218832200.0,3490816416.0,0.494,0.428,0.44,87.724,-7.239,0.236,0.205,0.0698,0.0816,indie-pop,True,83,2019
Wildest Dreams,Taylor Swift,3fVnlF4pGqWI9flVENcT28,1/1/2014,964058806.0,70.0,930982185.0,1025978293.0,0.553,0.664,0.467,140.06,-7.417,0.0709,0.0741,0.0056,0.106,pop,False,80,2014
Rolling in the Deep - Acapella,Adele,2ux2dwUgqfj1EKRp963HEW,1/16/2011,11170019.0,36.0,2522903197.0,,0.736,0.142,0.476,105.034,-16.603,0.771,0.0385,0.0,0.0735,british,False,49,2011
In My Head,Lil Tjay,1HvTxgCj0mTzQlEo0zLvFb,4/1/2022,237061046.0,63.0,47378172.0,3442700.0,0.684,0.545,0.407,143.049,-6.885,0.159,0.121,0.0,0.102,r-n-b,True,79,2022
River,Bishop Briggs,4ITIaQ64inKaI9rjRoNcLo,1/22/2016,547304707.0,68.0,566895107.0,4144883692.0,0.726,0.484,0.561,62.492,-6.708,0.274,0.0477,2.42e-06,0.0874,alt-rock,False,0,2016
Dil Diyan Gallan,Atif Aslam,0FBQ4NrrHUbR9kus7rzrOj,12/12/2017,204127666.0,65.0,1326806818.0,60784930.0,0.717,0.64,0.485,105.021,-8.726,0.565,0.025,0.00139,0.127,pop-film,False,64,2017
The Real Slim Shady,Eminem,3yfqSUWxFvZELEM4PmlwIR,1/1/2000,1798020679.0,81.0,961666231.0,771015965.0,0.949,0.661,0.76,104.504,-4.244,0.0302,0.0572,0.0,0.0454,hip-hop,True,87,2000
I Gotta Feeling,Black Eyed Peas,6KDNxqCFmCGu0yd27xvnSG,1/1/2009,1423655688.0,76.0,190741649.0,680999560.0,0.746,0.793,0.656,127.973,-5.725,0.0519,0.0265,0.0,0.421,dance,False,1,2009
WANNABE,ITZY,4pspYVQGFHLPEFgQPD1J7e,3/9/2020,365845397.0,66.0,731488947.0,362463277.0,0.809,0.911,0.64,122.035,-4.41,0.00795,0.0617,0.000179,0.181,k-pop,False,74,2020
Your Power,Billie Eilish,042Sl6Mn83JHyLEqdK7uI0,4/29/2021,423439672.0,68.0,170437339.0,347631092.0,0.632,0.284,0.208,129.642,-14.025,0.932,0.0801,0.000476,0.233,electro,False,77,2021
Baila Baila Baila,Ozuna,5PXsZaT8cOxb4mXrA20PMQ,1/5/2019,563326343.0,64.0,619678799.0,13221298.0,0.837,0.626,0.592,99.987,-5.674,0.0588,0.152,0.0,0.252,latino,False,70,2019
Psycho,Red Velvet,3CYH422oy1cZNoo0GTG1TK,12/23/2019,471042668.0,66.0,716847469.0,222663523.0,0.664,0.666,0.405,139.987,-2.203,0.193,0.0446,0.0,0.0854,k-pop,False,75,2019
A Tu Merced,Bad Bunny,4r9jkMEnArtWGH2rL2FZl0,2/29/2020,778269101.0,70.0,357643934.0,287886349.0,0.86,0.791,0.887,92.023,-4.784,0.169,0.0568,0.000106,0.106,latino,False,83,2020
Stuck In The Middle,Tai Verdes,44TzvSZLIkM7Y7MEnrvkIl,5/29/2020,143421888.0,54.0,23355896.0,6940732133.0,0.862,0.564,0.836,119.952,-6.566,0.278,0.0425,0.0,0.0935,indie-pop,True,66,2020
Just Pretend,Bad Omens,3zb8S65LhiPPPH4vov8yV2,2/25/2022,209635991.0,71.0,26381437.0,231239811.0,0.449,0.831,0.211,140.091,-4.668,0.00257,0.0835,0.00119,0.0998,metalcore,False,71,2022
Yo No Soy Celoso,Bad Bunny,5kVZxyMY1gfdCLiChsfjn1,5/6/2022,370800055.0,68.0,130681979.0,123346772.0,0.872,0.588,0.93,142.004,-6.276,0.275,0.0492,0.0,0.17,latino,True,85,2022
Fire On Fire,Sam Smith,7t3Xdbufg7q2onVsR8RBdY,12/21/2018,697834321.0,70.0,408377555.0,1362132192.0,0.584,0.408,0.333,115.129,-7.356,0.476,0.0461,0.0,0.18,dance,False,78,2018
Drag Me Down,One Direction,2K87XMYnUMqLcX3zvtAF4G,7/31/2015,1125333823.0,76.0,1124359897.0,175883717.0,0.73,0.703,0.595,138.113,-5.672,0.109,0.0369,0.0,0.0657,pop,False,80,2015
the perfect pair,beabadoobee,41P6Tnd8KIHqON0QIydx6a,7/15/2022,230129740.0,72.0,34590747.0,369833975.0,0.634,0.663,0.6,146.053,-6.818,0.433,0.0331,0.124,0.102,indie-pop,False,77,2022
Sofia,Clairo,7B3z0ySL9Rr0XvZEAjWZzM,7/26/2019,728920951.0,74.0,168855750.0,313505897.0,0.744,0.619,0.641,112.997,-9.805,0.598,0.039,0.00372,0.231,indie-pop,False,81,2019
Revenge,XXXTENTACION,5TXDeTFVRVY7Cvt0Dw4vWW,5/18/2017,1356969354.0,53.0,74514608.0,,0.746,0.251,0.18,139.999,-16.169,0.782,0.259,0.00203,0.106,emo,True,87,2017
Rojo,J Balvin,6dR1uxzRh6aewJ3WQg0GY6,2/27/2020,606603985.0,68.0,411037239.0,118448922.0,0.652,0.595,0.421,172.277,-4.04,0.15,0.117,0.000106,0.0836,latin,False,5,2020
Midnight City,M83,6GyFP1nfCDB8lbD2bG0Hq9,1/1/2011,1081517243.0,72.0,82397805.0,1010922723.0,0.507,0.729,0.272,105.013,-5.399,0.0182,0.0393,1.4e-06,0.0658,french,False,76,2011
Ginza,J Balvin,1FdEytNpgLuMXo5EsVWj1f,6/23/2015,521328627.0,70.0,1067816466.0,122727381.0,0.749,0.815,0.866,102.218,-6.381,0.228,0.083,0.00117,0.0838,latin,False,0,2015
Dancing in My Room,347aidan,6Pgmqg15yVexuOgtzuxwoX,10/26/2020,335188091.0,61.0,122687107.0,3434097182.0,0.98,0.413,0.764,119.993,-11.052,0.671,0.101,7.95e-05,0.17,sad,True,74,2020
Personal,HRVY,33KJ2xFYONOlIYDBg6wPx8,11/30/2017,314089265.0,58.0,355189118.0,940593293.0,0.755,0.536,0.882,138.969,-5.605,0.114,0.12,0.0,0.0282,dance,False,70,2017
It's Plenty,Burna Boy,5hVjoL3sHepZROri63wBxP,7/1/2022,134909945.0,62.0,84020549.0,282521651.0,0.776,0.565,0.53,107.035,-10.609,0.36,0.105,8.81e-05,0.308,dancehall,True,75,2022
Why'd You Only Call Me When You're High?,Arctic Monkeys,086myS9r57YsLbJpU0TgK9,1/1/2013,1687828519.0,80.0,527397003.0,45596295.0,0.691,0.631,0.8,92.004,-6.478,0.0483,0.0368,1.13e-05,0.104,garage,False,88,2013
Never Be the Same,Camila Cabello,4eWQlBRaTjPPUlzacqEeoQ,12/17/2017,862685616.0,71.0,508394938.0,665573579.0,0.637,0.713,0.243,129.923,-4.333,0.181,0.0747,0.000637,0.137,dance,False,74,2017
If I Can't Have You,Shawn Mendes,66jmLylzWJ684t7cOGcmdk,5/25/2018,1015502663.0,67.0,290850550.0,102264948.0,0.69,0.809,0.864,123.912,-4.198,0.524,0.0603,0.0,0.147,dance,False,0,2018
august,Taylor Swift,3hUxzQpSfdDqwM3ZTFQY0K,7/24/2020,1101296591.0,79.0,143962401.0,779402493.0,0.532,0.623,0.403,89.937,-9.208,0.538,0.0331,7.28e-05,0.0925,pop,False,86,2020
FANCY,TWICE,2qQpFbqqkLOGySgNK8wBXt,4/22/2019,475639302.0,67.0,816491835.0,423648556.0,0.697,0.874,0.775,132.018,-2.15,0.0122,0.0449,0.0,0.627,k-pop,False,76,2019
Take My Name,Parmalee,7g0Zfd5J6Hzx9M2fRUMuba,7/9/2021,120964748.0,61.0,13919928.0,43546200.0,0.559,0.66,0.574,163.957,-4.143,0.222,0.0512,0.0,0.193,country,False,33,2021
Good Feeling,Flo Rida,5MshZbukugLnrby4mHO7tW,1/1/2011,662305046.0,72.0,722325299.0,139200114.0,0.706,0.89,0.685,128.012,-4.447,0.0588,0.0687,0.00288,0.305,dance,False,1,2011
Cool Kids,Echosmith,13P5rwmk2EsoFRIz9UCeh9,6/11/2013,570026061.0,66.0,264363262.0,9749942173.0,0.719,0.671,0.786,130.027,-6.279,0.0372,0.0336,8.21e-06,0.12,indie-pop,False,77,2013
Smells Like Teen Spirit,Nirvana,4CeeEOM32jQcH3eN9Q2dGj,9/16/2015,87429.0,,1932243086.0,,0.502,0.912,0.72,116.761,-4.556,2.55e-05,0.0564,0.000173,0.106,alt-rock,False,83,2015
Antidote,Travis Scott,1wHZx0LgzFHyeIZkUydNXq,7/28/2015,693552475.0,68.0,484191598.0,100004969.0,0.713,0.526,0.131,131.05,-5.046,0.00767,0.032,0.000148,0.124,house,True,74,2015
Tu Falta De Querer,Mon Laferte,7BsPT8jICeKZdoTmLBMDxS,8/21/2015,522954525.0,73.0,1362091486.0,155253912.0,0.394,0.473,0.45,129.996,-7.935,0.0247,0.0281,0.00684,0.112,alternative,False,0,2015
Truth Hurts,Lizzo,5djmFvrnR30Tj9Yyj8tOQQ,3/9/2016,990118320.0,65.0,111217546.0,548222747.0,0.715,0.622,0.407,158.088,-3.046,0.11,0.111,0.0,0.123,hip-hop,True,1,2016
Aguacero,Bad Bunny,2uflssWlCaJ6CbTMOsUpNI,5/6/2022,342075557.0,68.0,128273450.0,1873295908.0,0.861,0.645,0.668,121.391,-6.96,0.423,0.0743,0.000592,0.349,latino,False,84,2022
Quiere Beber,Anuel AA,0FDMH2ahuIVzCybwHJK9zh,7/17/2018,432365949.0,66.0,754077455.0,34316786.0,0.773,0.57,0.772,95.038,-3.482,0.372,0.113,0.00524,0.108,latino,False,71,2018
TE MUDASTE,Bad Bunny,5RubKOuDoPn5Kj5TLVxSxY,11/27/2020,717202437.0,71.0,213527195.0,253170602.0,0.811,0.637,0.471,92.025,-4.835,0.234,0.0591,0.000572,0.118,latino,True,81,2020
Vacation,Dirty Heads,7cdy4PbCdDZZNjyxoZyE0c,8/11/2017,253490559.0,20.0,157050046.0,4610799658.0,0.736,0.751,0.839,150.064,-5.588,0.0381,0.034,0.0,0.105,reggae,True,66,2017
CASE 143,Stray Kids,3O8G8eVrhfXTGttyQ1xVuq,10/7/2022,195260412.0,66.0,188978133.0,1397216002.0,0.812,0.89,0.69,100.006,-2.661,0.0961,0.209,0.0,0.0222,k-pop,False,82,2022
Give It To Me - Full Vocal Mix,Matt Sassari,5ZduaRci3iNUiDfJbBfAaf,10/22/2021,476476352.0,78.0,780251.0,12295262.0,0.874,0.869,0.726,126.027,-5.996,0.00116,0.0315,0.00238,0.164,french,False,79,2021
Best Day Of My Life,American Authors,5Hroj5K7vLpIG4FNCRIjbP,1/1/2013,999525686.0,74.0,349753696.0,329470084.0,0.673,0.902,0.538,100.012,-2.392,0.0591,0.0346,0.000262,0.0558,indie-pop,False,79,2013
Heart Attack,Demi Lovato,1V6gIisPpYqgFeWbMLI0bA,1/1/2013,826593536.0,74.0,898024937.0,792708732.0,0.504,0.785,0.502,173.968,-4.802,0.0738,0.104,0.0,0.239,dance,False,78,2013
Dura,Daddy Yankee,0bhhXULPNfCsVhZp35HrC3,1/18/2018,659555409.0,65.0,156299320.0,493591477.0,0.783,0.84,0.838,95.002,-3.416,0.174,0.051,0.0,0.412,hip-hop,False,0,2018
2002,Anne-Marie,2BgEsaKNfHUdlh97KmvFyo,1/1/2015,1531490541.0,73.0,391667255.0,892595513.0,0.697,0.683,0.603,96.133,-2.881,0.0372,0.117,0.0,0.137,dance,False,82,2015
Let You Love Me,Rita Ora,0Hijswm0F2WNL0vN5e4CyE,9/21/2018,527760843.0,59.0,684308632.0,367325979.0,0.521,0.861,0.473,191.618,-3.138,0.261,0.319,0.0,0.0682,edm,False,56,2018
Never Gonna Give You Up (2022 - Remaster),Rick Astley,0yNttAVwMr39qyODHNIkrY,5/20/2022,839345554.0,23.0,,,0.738,0.976,0.898,113.436,-7.105,0.0615,0.0421,1.78e-05,0.17,synth-pop,False,14,2022
Million Dollar Baby,Ava Max,6zVYlwTqj7D7bRAfalOZg0,9/1/2022,106218899.0,60.0,54371720.0,44940300.0,0.667,0.858,0.641,133.039,-2.268,0.0367,0.0926,1.47e-05,0.325,dance,False,4,2022
No Money,Galantis,6M6Tk58pQvABy6ru66dY3d,4/1/2016,872428879.0,60.0,114782349.0,239961275.0,0.674,0.915,0.78,126.038,-3.999,0.0282,0.0411,0.00337,0.273,edm,False,68,2016
Oklahoma Smokeshow,Zach Bryan,24NRxtqD6oySjRnAZxa4Hf,7/15/2022,283406755.0,77.0,62279409.0,49171406.0,0.544,0.573,0.233,122.977,-5.694,0.0958,0.0356,0.0,0.104,country,False,3,2022
Little Talks,Of Monsters and Men,7xgGHigPZUBKc4neD74lpG,1/1/2011,1050676021.0,75.0,95461283.0,162004699.0,0.446,0.76,0.346,103.295,-4.725,0.0159,0.0321,0.0,0.319,folk,False,0,2011
Love Tonight - Edit,Shouse,6OufwUcCqo81guU2jAlDVP,12/14/2017,450102131.0,65.0,,513770838.0,0.727,0.681,0.448,123.028,-7.114,0.00214,0.0265,0.000307,0.0861,house,False,78,2017
Leave a Light On,Tom Walker,6lOWoTqVnAWXchddtTH31W,10/13/2017,616379687.0,65.0,348579880.0,205457689.0,0.586,0.624,0.267,68.976,-5.946,0.0153,0.113,1.78e-06,0.133,folk,False,71,2017
More Than You Know,Axwell /\ Ingrosso,6h5PAsRni4IRlxWr6uDPTP,5/24/2017,1346174222.0,75.0,68221936.0,87048066.0,0.646,0.741,0.571,123.077,-4.973,0.0275,0.034,0.0,0.312,dance,False,80,2017
Mala Fama,Danna Paola,3wqn9xLZR3fNFZ5pJF9sx3,3/28/2019,346737588.0,62.0,859633229.0,141133651.0,0.763,0.578,0.818,175.959,-3.894,0.2,0.0852,5.12e-06,0.0595,latin,False,1,2019
banking on me,Gunna,6MT5BRtVm18LrgqSrLnJuG,1/7/2022,170941932.0,62.0,68412662.0,101411557.0,0.793,0.308,0.46,135.143,-10.414,0.613,0.0466,1.68e-05,0.0953,hip-hop,True,0,2022
Paris,The Chainsmokers,72jbDTw1piOOj770jWNeaG,1/13/2017,1188567787.0,68.0,96234317.0,388633141.0,0.653,0.658,0.219,99.99,-6.428,0.0215,0.0304,1.66e-06,0.0939,dance,False,74,2017
Softcore,The Neighbourhood,2K7xn816oNHJZ0aVqdQsha,3/9/2018,915401494.0,80.0,223385717.0,1120661792.0,0.575,0.568,0.37,93.986,-5.509,0.0484,0.03,0.000417,0.286,alt-rock,False,86,2018
Replay,Iyaz,4E5P1XyAFtrjpiIxkydly4,1/1/2009,941989512.0,74.0,680420701.0,239082117.0,0.706,0.751,0.195,91.031,-6.323,0.173,0.0708,0.0,0.168,dance,False,76,2009
We Rollin,Shubh,6ZYxNjuAU9Vy3VtF6W1dtE,9/17/2021,258337879.0,65.0,297136479.0,226438634.0,0.82,0.504,0.275,85.016,-9.113,0.261,0.141,7e-06,0.104,hip-hop,True,79,2021
Savage,aespa,3dbLT62Cvs46Ju7a8gpr36,10/5/2021,222400657.0,68.0,399807694.0,936285256.0,0.727,0.879,0.671,146.959,-1.167,0.124,0.129,1.17e-05,0.244,k-pop,False,74,2021
Mad at Disney,salem ilese,7aGyRfJWtLqgJaZoG9lJhE,6/24/2020,335604759.0,3.0,155802565.0,2759903957.0,0.738,0.621,0.715,113.968,-7.313,0.424,0.0486,7.39e-06,0.692,indie-pop,False,72,2020
Beautiful Girl,Luciano,2XRn6Qu0Wd1KvOND8JbaTx,4/28/2022,191569959.0,57.0,55509965.0,129718183.0,0.839,0.412,0.607,139.901,-8.816,0.287,0.0935,0.000796,0.101,german,False,78,2022
I Feel Like I'm Drowning,Two Feet,3aauaXWRgwCMoykMbI0Jq1,11/10/2017,503915156.0,72.0,395172100.0,485983172.0,0.717,0.577,0.235,104.927,-5.436,0.708,0.0491,0.00428,0.0899,indie-pop,False,78,2017
Someone To You,BANNERS,2f0pn9DkEJwAzXApnFh5cr,6/9/2017,840041803.0,70.0,219305472.0,1133729550.0,0.52,0.903,0.652,74.988,-5.497,0.00517,0.042,0.0,0.254,indie-pop,False,77,2017
Poker Face,Lady Gaga,24tNhacN8vdN8OqkR7LcNm,1/1/2008,1285242562.0,77.0,256379013.0,1231170484.0,0.851,0.818,0.808,119.006,-4.637,0.112,0.0789,2.94e-06,0.0945,dance,False,3,2008
Notion,The Rare Occasions,0sTlGEld0h8kIPZaKDYUf4,8/5/2016,597718233.0,76.0,152225528.0,1985146213.0,0.309,0.883,0.312,159.488,-3.825,0.0673,0.0808,0.00111,0.0849,indie,False,83,2016
As the World Caves In,Sarah Cothran,2xXNLutYAOELYVObYb1C1S,6/10/2021,285568439.0,65.0,161956855.0,1818254854.0,0.422,0.25,0.246,124.026,-6.836,0.441,0.0351,0.0,0.35,singer-songwriter,False,76,2021
Mr. Brightside,The Killers,23PvWFdi76vER4p1e2Xroj,1/1/2004,2174022106.0,81.0,183968852.0,294739225.0,0.344,0.931,0.251,148.104,-3.759,0.00104,0.0783,0.0,0.0903,alt-rock,False,2,2004
Black Swan,BTS,2EmcTFQ1rM11wp2ztsXTHa,1/17/2020,459923962.0,64.0,603350721.0,535835122.0,0.719,0.757,0.489,147.024,-5.167,0.137,0.0849,0.0,0.129,k-pop,False,74,2020
HOT,SEVENTEEN,6I2tqFhk8tq69iursYxuxd,5/27/2022,210513394.0,67.0,270821476.0,797795448.0,0.765,0.777,0.64,111.944,-4.376,0.0539,0.0399,2.58e-06,0.338,k-pop,False,80,2022
What is Love,TWICE,3zhbXKFjUDw40pTYyCgt1Y,4/9/2018,442941122.0,67.0,885861488.0,995480226.0,0.574,0.909,0.569,169.966,-1.573,0.0987,0.0658,0.0,0.264,k-pop,False,75,2018
Washing Machine Heart,Mitski,3jjsRKEsF42ccXf8kWR3nu,8/17/2018,743015700.0,77.0,177148832.0,1004422009.0,0.613,0.822,0.567,105.997,-4.087,0.0092,0.026,0.506,0.429,indie-pop,False,83,2018
Ball If I Want To,DaBaby,6h1JK4zvCvvSHJFFVG3Vqf,6/18/2021,216934691.0,60.0,70627607.0,1016363322.0,0.902,0.669,0.628,139.949,-5.049,0.161,0.457,0.0,0.0728,hip-hop,True,0,2021
Limbo,Daddy Yankee,0vp47IigZ7JVQ89jDetO7H,1/1/2012,508914869.0,70.0,1529347092.0,73318392.0,0.805,0.878,0.922,124.994,-3.826,0.0754,0.0864,0.00329,0.0656,hip-hop,False,4,2012
Hayloft II,Mother Mother,0kYMwaQWABTkFff8AZjmYI,1/28/2022,216252006.0,70.0,164171809.0,3837839.0,0.326,0.866,0.172,178.181,-4.541,0.0044,0.101,7.37e-06,0.0912,indie,False,78,2022
Myself,Bazzi,5YLHLxoZsodDWjqSgjhBf3,4/12/2018,279105227.0,59.0,138981651.0,4596936089.0,0.745,0.561,0.902,195.918,-5.513,0.465,0.072,1.12e-06,0.0338,electro,False,68,2018
LOCO,ITZY,56Yxkm62GtEpnPyG7TvwLY,9/24/2021,259023338.0,63.0,381462973.0,909400567.0,0.759,0.886,0.489,102.065,-3.067,0.0103,0.187,2.04e-05,0.342,k-pop,False,76,2021
Handle On You,Parker McCollum,6P3WtLdcQjc2BpCHf5yATw,8/5/2022,103858433.0,63.0,23571548.0,32959012.0,0.588,0.931,0.625,105.027,-3.925,0.00411,0.0318,0.0,0.345,country,False,1,2022
Tunnel Vision,Kodak Black,3F9SGJzTCkqIS3d99iz0p7,2/17/2017,654828389.0,68.0,97450066.0,86649600.0,0.497,0.489,0.231,171.853,-7.724,0.0576,0.294,9.91e-05,0.122,hip-hop,True,0,2017
Walking On A Dream,Empire Of The Sun,5r5cp9IpziiIsR6b93vcnQ,1/1/2008,923637058.0,74.0,326484288.0,1346152082.0,0.871,0.701,0.716,126.975,-5.594,0.257,0.0458,7.52e-06,0.0589,alt-rock,False,79,2008
Nail Tech,Jack Harlow,6MgM415sTN6TUh3B3YlWCW,2/18/2022,224376030.0,56.0,67524036.0,205572867.0,0.647,0.581,0.113,150.149,-7.678,0.0029,0.0884,7.76e-06,0.119,hip-hop,True,1,2022
"Burn, Burn, Burn",Zach Bryan,6ZqH4uUlj3rArdFyaejq9n,9/8/2022,261905370.0,75.0,23316855.0,16825671.0,0.508,0.296,0.134,82.532,-10.513,0.897,0.0755,5e-05,0.11,country,False,0,2022
Put Your Records On,Ritt Momney,6AGOKlMZWLCaEJGnaROtF9,4/24/2020,600521313.0,65.0,50025071.0,79947183.0,0.399,0.491,0.151,91.066,-10.778,0.0563,0.0538,0.00089,0.11,indie-pop,False,77,2020
Feel Good Inc.,Gorillaz,0d28khcov6AiegSCpG5TuT,5/23/2005,1407382497.0,78.0,1211241854.0,1396761942.0,0.818,0.705,0.772,138.559,-6.679,0.00836,0.177,0.00233,0.613,alternative,False,84,2005
Me And My Broken Heart,Rixton,1oew3nFNY3vMacJAsvry0S,1/1/2014,733931275.0,71.0,535024991.0,47138593.0,0.545,0.783,0.551,174.084,-4.261,0.00489,0.0345,0.0,0.132,dance,False,79,2014
Ain't Your Mama,Jennifer Lopez,2hgzdQdnfWwtdpZbhZlV72,4/7/2016,478791369.0,63.0,964694090.0,281205271.0,0.757,0.678,0.82,120.075,-5.529,0.0472,0.233,9.14e-06,0.0654,dance,False,71,2016
The Bones,Maren Morris,1yTTMcUhL7rtz08Dsgb7Qb,2/22/2019,461420009.0,63.0,97498335.0,123888567.0,0.612,0.57,0.334,77.004,-6.642,0.278,0.0347,0.0,0.0963,country,False,75,2019
Beat the Odds,Lil Tjay,2BJWxD8xKrDv8vneTvTIm9,8/26/2022,115581471.0,60.0,46251839.0,93356963.0,0.498,0.625,0.478,84.821,-7.452,0.054,0.342,0.0,0.175,r-n-b,True,81,2022
I Wanna Be Yours,Arctic Monkeys,5XeFesFbtLpXzIVDNQP22n,1/1/2013,2185240293.0,86.0,109538379.0,105020737.0,0.464,0.417,0.479,67.528,-9.345,0.136,0.0256,0.022,0.0974,garage,False,92,2013
Story of My Life,One Direction,4nVBt6MZDDP6tRVdQTgxJg,10/28/2013,1275036167.0,79.0,264658339.0,862277477.0,0.6,0.663,0.286,121.07,-5.802,0.225,0.0477,0.0,0.119,pop,False,83,2013
Black Summer,Red Hot Chili Peppers,5xUhs6dlfkcxZM8zq7riYF,2/4/2022,128264127.0,57.0,57252735.0,20590526.0,0.417,0.682,0.351,105.542,-5.071,0.0267,0.0295,0.000669,0.109,alt-rock,False,1,2022
Sofia,Alvaro Soler,1byfhRPkrLvnQ4ib1SWNxQ,4/15/2016,353525330.0,65.0,1004545222.0,151019644.0,0.689,0.711,0.914,128.005,-6.077,0.0732,0.0316,0.0,0.13,latin,False,1,2016
Those Eyes,New West,2GThBgzZoZfz0lx1JjBwfe,5/10/2019,785139012.0,73.0,147215663.0,594352793.0,0.597,0.351,0.243,119.948,-8.043,0.727,0.0281,3.86e-05,0.319,indie,False,82,2019
Girl On Fire,Alicia Keys,4esOae7i4rqTbAu9o5Pxco,1/1/2012,646295324.0,71.0,719570982.0,1264756176.0,0.482,0.706,0.144,92.513,-5.762,0.135,0.0607,0.00106,0.105,soul,False,77,2012
Budapest,George Ezra,2ixsaeFioXJmMgkkbd4uj1,11/3/2013,1142061871.0,79.0,265620751.0,42711557.0,0.717,0.455,0.389,127.812,-8.303,0.0846,0.0276,0.0,0.11,folk,False,79,2013
Alcohol-Free,TWICE,0BTaaKT4RMbs5M73tOHX5Y,6/9/2021,224295163.0,62.0,398036555.0,811061720.0,0.688,0.909,0.702,97.097,-1.992,0.0474,0.0624,1.35e-06,0.0674,k-pop,False,72,2021
Voices In My Head,Falling In Reverse,5XUuldRjPXcP5QxyEN4IXT,5/31/2022,122568479.0,68.0,109752215.0,33939631.0,0.546,0.898,0.639,173.17,-3.067,0.0266,0.162,0.0,0.129,metal,True,73,2022
Reckless,Madison Beer,5ajjAnNRh8bxFvaVHzpPjh,6/4/2021,504851489.0,66.0,156937871.0,763454337.0,0.386,0.426,0.261,180.104,-6.642,0.807,0.0363,0.0,0.14,electro,False,80,2021
Cuando Nadie Ve,Morat,4XlkiyJxHnzmkxLQGtyHFW,6/8/2018,621596476.0,72.0,761391767.0,84607917.0,0.804,0.788,0.837,96.007,-4.586,0.118,0.0598,0.0,0.215,latin,False,0,2018
Sakhiyaan,Maninder Buttar,3sqRODOZ1Z6hR4F2tnFAlg,10/21/2018,177496669.0,65.0,776438148.0,339486868.0,0.706,0.674,0.359,83.001,-5.932,0.3,0.044,0.0,0.202,hip-hop,False,73,2018
IDGAF,Dua Lipa,7vAPNx92EUeQoTaGhjGTpQ,6/2/2017,1583012380.0,71.0,223607979.0,135618240.0,0.836,0.544,0.51,97.028,-5.975,0.0403,0.0943,0.0,0.0824,dance,True,80,2017
Lush Life,Zara Larsson,1rIKgCH4H52lrvDcz50hS8,6/5/2015,1429205245.0,78.0,156015402.0,323351717.0,0.694,0.712,0.799,98.023,-3.923,0.132,0.046,0.0,0.211,dance,False,78,2015
Say Something,A Great Big World,6Vc5wAMmXdKIAM7WUoEb7N,11/4/2013,1064534331.0,65.0,113298251.0,339277915.0,0.447,0.158,0.142,140.942,-7.571,0.872,0.036,1.58e-06,0.0816,acoustic,False,57,2013
"Sex, Drugs, Etc.",Beach Weather,7DbdUf8aHSYoliSjO6LZv6,11/4/2016,818926915.0,77.0,85879643.0,478999463.0,0.572,0.839,0.465,143.969,-5.083,0.013,0.0377,0.00976,0.522,rock,False,90,2016
Californication,Red Hot Chili Peppers,2AEdT2ZKd14kzOouzdNOUj,6/8/1999,1405353677.0,79.0,1518596886.0,226008149.0,0.592,0.765,0.327,96.483,-2.788,0.0021,0.027,0.00154,0.127,alt-rock,False,2,1999
Zombie,Bad Wolves,1vNoA9F5ASnlBISFekDmg3,1/19/2018,391235723.0,6.0,133338318.0,193481131.0,0.448,0.826,0.19,77.093,-3.244,0.00756,0.0319,0.0,0.117,alternative,False,69,2018
ONLY,LeeHi,6TBJkXHPhu3EsMk1bshwuI,8/27/2021,335212411.0,71.0,154369917.0,1513137827.0,0.536,0.296,0.151,122.907,-7.451,0.892,0.0346,0.0,0.0873,k-pop,False,77,2021
Baby Shark,Super Simple Songs,7e6klfDDVfvPDmx6fwXYN0,3/24/2017,53980875.0,55.0,1065036315.0,386999.0,0.747,0.395,0.702,148.139,-11.447,0.222,0.0453,0.0,0.047,children,False,61,2017
Blood // Water,grandson,0AUyNF6iFxMNQsNx2nhtrw,10/27/2017,658966178.0,68.0,218493561.0,1291420904.0,0.51,0.882,0.653,154.029,-5.659,0.00158,0.159,0.00206,0.0764,alt-rock,False,75,2017
This Town,Niall Horan,0qvzXomUDJVaUboy2wMfiS,9/29/2016,957810500.0,74.0,174370096.0,159860013.0,0.677,0.401,0.195,111.825,-8.467,0.712,0.0308,0.0,0.116,dance,False,80,2016
Die A Happy Man,Thomas Rhett,5eUtyONoPyfZYGrFHmZzlc,1/1/2015,622198235.0,66.0,281739663.0,18928214.0,0.59,0.389,0.389,166.055,-9.245,0.411,0.0387,1.48e-06,0.117,country,False,1,2015
Fed Up,Ghostemane,0BV0AYGLVlu2SdjN3J9twp,10/21/2020,219841054.0,64.0,128686770.0,1206875855.0,0.849,0.758,0.0684,115.058,-7.498,0.499,0.256,0.695,0.147,hip-hop,True,76,2020
Panic Room,Au/Ra,7uUahoeqGNRMbpdeiLj1rS,2/9/2018,256361762.0,63.0,183409458.0,298147047.0,0.495,0.426,0.0636,97.91,-9.434,0.152,0.0736,5.65e-06,0.099,edm,False,72,2018
Overwhelmed,Royal & the Serpent,5jjZikDrEd0by1o7V3fO4y,6/26/2020,189175699.0,62.0,14575452.0,2001548087.0,0.804,0.323,0.456,87.019,-11.127,0.308,0.305,0.0,0.15,alternative,False,70,2020
Good as Hell,Lizzo,6TxaIPtuGZoVnHhCxKX1ij,3/9/2016,627625151.0,66.0,275081528.0,1187485509.0,0.682,0.919,0.535,95.983,-3.18,0.256,0.0874,0.0,0.443,hip-hop,False,0,2016
Kya Baat Ay,Harrdy Sandhu,1ZaeaGLhFSckG8sv1y7AWk,9/24/2018,115373265.0,60.0,743095293.0,440380121.0,0.849,0.592,0.652,89.966,-4.309,0.632,0.102,2.39e-06,0.108,pop,False,68,2018
Nira Ishq,Guri,0Id2IzhR3w50aP2PHfMUE3,2/21/2019,102266938.0,61.0,531503711.0,544172370.0,0.703,0.609,0.696,89.929,-7.3,0.111,0.0444,0.0,0.0515,hip-hop,False,69,2019
STARGAZING,Travis Scott,7wBJfHzpfI3032CSD7CE2m,8/3/2018,740409304.0,70.0,211251366.0,50313512.0,0.487,0.789,0.0564,150.007,-3.69,0.00947,0.044,4.05e-06,0.189,house,True,75,2018
Girls,aespa,2WTHLEVjfefbGoW7F3dXIg,7/8/2022,115406939.0,62.0,267348363.0,401260794.0,0.57,0.974,0.65,171.958,-0.173,0.115,0.325,0.000594,0.125,k-pop,False,78,2022
Classic,MKTO,6FE2iI43OZnszFLuLtvvmg,1/1/2012,1350428257.0,78.0,343526777.0,3172500312.0,0.72,0.791,0.756,102.071,-4.689,0.0384,0.124,0.0,0.157,rock,False,82,2012
"Paint It, Black",The Rolling Stones,3J5pA2wR1GJa17a8vHwW23,7/26/2023,1196773729.0,,,,0.496,0.858,0.773,159.69,-7.927,0.0133,0.0922,0.0675,0.349,british,False,1,2023
Sunshine,OneRepublic,0VBe5Wi5e0Gc3BD1MIos0i,11/10/2021,426609723.0,73.0,21063557.0,85043400.0,0.697,0.875,0.774,140.069,-4.621,0.137,0.034,0.0,0.28,piano,False,1,2021
Walk,Kodak Black,41vUI66skZegzFHxwMkk8t,9/16/2022,62323136.0,54.0,34075392.0,25342217.0,0.817,0.512,0.17,130.04,-6.943,0.037,0.0984,0.0,0.216,hip-hop,True,0,2022
Animals,Martin Garrix,5q35GiekvBr6oAsCsW8YlR,1/1/2013,413855724.0,61.0,62878984.0,170836810.0,0.676,0.857,0.0378,128.01,-6.7,0.00149,0.0391,0.674,0.307,dance,True,56,2013
Jar of Hearts,Christina Perri,50nSJ4OU2clW8rUnVDEKrC,7/27/2010,534874667.0,65.0,562197656.0,109689471.0,0.373,0.348,0.0899,74.885,-6.142,0.728,0.0314,0.0,0.12,rock,False,0,2010
I Won't Give Up,Jason Mraz,5ivF4eQBqJiVL5IAE9jRyl,1/1/2012,850863163.0,62.0,21096118.0,77268402.0,0.483,0.303,0.139,133.406,-10.058,0.694,0.0429,0.0,0.115,acoustic,False,69,2012
I GUESS I'M IN LOVE,Clinton Kane,1is8gU4RVcN4J8xItxWoOY,8/20/2021,416972132.0,63.0,27881902.0,1003766991.0,0.422,0.34,0.223,77.213,-6.577,0.877,0.0351,1.77e-05,0.149,singer-songwriter,False,77,2021
Sweet Child O' Mine,Guns N' Roses,7o2CTH4ctstm8TNelqjb51,7/21/1987,1879386440.0,80.0,2007460784.0,673282408.0,0.454,0.91,0.629,125.116,-7.766,0.0866,0.0448,0.0996,0.116,hard-rock,True,84,1987
Bring Me To Life,Evanescence,24TdORdiwpuE1EH7fh1fNQ,1/1/2003,1129346989.0,79.0,1380253721.0,906228976.0,0.318,0.943,0.298,189.985,-3.188,0.00721,0.107,2.06e-06,0.242,alternative,False,0,2003
In Da Club,50 Cent,7iL6o9tox1zgHpKUfh9vuC,8/26/2011,10163724.0,,2248807705.0,,0.899,0.713,0.777,90.051,-2.752,0.255,0.366,0.0,0.0708,hip-hop,True,83,2011
Show Me How,Men I Trust,01TyFEZu6mHbffsVfxgrFn,2/28/2018,466462034.0,20.0,91890599.0,1503260547.0,0.791,0.267,0.544,165.99,-11.997,0.674,0.0415,0.534,0.102,indie-pop,False,79,2018
Joro,Wizkid,3Yt1ovsh3v3VEzRuhI1TL5,9/30/2019,117819788.0,59.0,312077132.0,1866473503.0,0.686,0.694,0.587,189.998,-3.693,0.253,0.257,0.000904,0.109,dancehall,False,66,2019
all the good girls go to hell,Billie Eilish,5olaF84x7e8jKLmLsm4aA4,3/29/2019,640099263.0,68.0,342695701.0,204727914.0,0.854,0.446,0.57,92.545,-8.957,0.313,0.198,0.215,0.156,electro,False,0,2019
505,Arctic Monkeys,0BxE4FqsDD1Ot4YuBXwAPp,4/21/2007,1660504577.0,80.0,611110729.0,229596064.0,0.526,0.866,0.248,140.266,-5.822,0.00287,0.0568,7.78e-05,0.0945,garage,False,88,2007
Colors,Black Pumas,6d4FWjx72iuRWzn1HwywLK,4/16/2019,215492373.0,67.0,291742629.0,64559724.0,0.391,0.692,0.56,180.008,-6.543,0.0946,0.0462,1.58e-05,0.191,soul,False,67,2019
Flowers,Lauren Spencer Smith,4EVO2VDWNVA4DpEqlHpfuZ,4/14/2022,260183209.0,65.0,64169463.0,295540554.0,0.684,0.449,0.341,66.165,-9.738,0.869,0.611,0.0,0.0881,singer-songwriter,True,0,2022
You're Somebody Else,flora cash,0pdKRp2sUthTPe7RLWpPqQ,4/21/2017,473059298.0,62.0,302782709.0,793624604.0,0.713,0.452,0.235,102.963,-9.638,0.841,0.0295,0.0038,0.105,folk,False,75,2017
Formula,Labrinth,6EtKlIQmGPB9SX8UjDJG5s,10/4/2019,836491531.0,79.0,95215206.0,1679330230.0,0.574,0.664,0.226,144.654,-6.068,0.0448,0.0409,0.0553,0.146,indie-pop,False,83,2019
WA DA DA,Kep1er,4gdiCHNbwugojBqr5Jt3pq,1/3/2022,172657413.0,54.0,272201730.0,1992357477.0,0.785,0.907,0.685,126.004,-2.657,0.00122,0.0938,3.11e-06,0.213,k-pop,False,74,2022
Seven Nation Army,The White Stripes,3dPQuX8Gs42Y7b454ybpMR,1/1/2003,1657866786.0,81.0,339571990.0,1394903550.0,0.743,0.446,0.278,123.596,-7.807,0.0039,0.0683,0.118,0.337,alt-rock,False,84,2003
Little Do You Know,Alex & Sierra,1almCHdsfikRPfVB9VrEdT,1/1/2014,732651478.0,65.0,511428536.0,663477196.0,0.5,0.292,0.37,145.879,-8.554,0.746,0.0323,0.0,0.188,pop,False,77,2014
idfc,blackbear,3SErMoIKdRELto2OspGs5L,10/26/2014,703008289.0,65.0,676519290.0,1202118262.0,0.718,0.422,0.455,144.678,-9.115,0.0764,0.0621,0.0,0.17,electro,True,81,2014
Cry,Cigarettes After Sex,3p4hRhMcb6ch8OLtATMaLw,10/25/2019,499764238.0,78.0,100443510.0,438475493.0,0.406,0.399,0.163,142.83,-10.449,0.756,0.0278,0.678,0.112,ambient,False,76,2019
Tequila,Dan + Shay,42fw0rxRO2xbesF6mJfd4Y,1/10/2018,601987422.0,65.0,54165764.0,43174144.0,0.489,0.581,0.494,86.016,-5.731,0.0312,0.0281,0.0,0.132,country,False,72,2018
Polaroid Love,ENHYPEN,5elW2CKSoqjYoJ32AGDxf1,1/10/2022,283455095.0,68.0,153119745.0,2468865989.0,0.738,0.67,0.651,138.055,-3.766,0.458,0.0439,0.0,0.361,anime,False,78,2022
Lemon,Kenshi Yonezu,04TshWXkhV1qkqHzf31Hn6,3/14/2018,194955459.0,63.0,918297076.0,19949350.0,0.525,0.646,0.373,86.957,-4.963,0.304,0.0268,0.0,0.297,anime,False,70,2018
SNEAKERS,ITZY,2WoluqyWzsgRmFCeHeGlnm,7/15/2022,95952617.0,56.0,259567120.0,745339618.0,0.935,0.849,0.551,119.986,-3.047,0.0192,0.0779,0.0,0.0223,k-pop,False,78,2022
Run BTS,BTS,69xohKu8C1fsflYAiSNbwM,6/10/2022,439395056.0,71.0,,2849048545.0,0.724,0.818,0.696,77.004,-3.747,0.0201,0.168,0.0,0.0358,k-pop,False,84,2022
Backyard Boy,Claire Rosinkranz,04F42oEuKrRComYJfJuyVR,8/14/2020,271235105.0,60.0,89752088.0,2633643813.0,0.817,0.635,0.454,138.015,-7.246,0.323,0.163,0.0,0.0738,indie-pop,False,71,2020
Bohemian Rhapsody,Queen,3z8h0TU7ReDPLIbEnYhWZb,11/16/2009,2486908570.0,,2036268766.0,,0.39,0.397,0.246,144.031,-9.963,0.287,0.0513,0.0,0.207,rock,False,75,2009
Earth,Lil Dicky,7lakl3bPRdQqUGX9m755jX,4/18/2019,211158013.0,54.0,522628926.0,512503154.0,0.694,0.664,0.676,95.941,-4.649,0.639,0.05,0.0,0.0929,comedy,True,40,2019
Ready For Love,BLACKPINK,61tqrU7wp1EnoJ5ajtYXMl,9/16/2022,115237552.0,55.0,243509528.0,51526563.0,0.564,0.682,0.551,107.597,-6.688,0.0146,0.113,0.0,0.123,k-pop,False,76,2022
Million Reasons,Lady Gaga,3YL8jLIarQdM1y2oRClov9,10/6/2016,825465124.0,69.0,567425578.0,38088467.0,0.666,0.423,0.154,129.893,-8.012,0.494,0.0429,0.0,0.106,dance,False,0,2016
The One That Got Away,Katy Perry,4uQY80TKE1u4ZQZQKHzVEi,1/1/2010,921351898.0,67.0,1126799119.0,397746382.0,0.691,0.795,0.876,133.971,-4.021,0.000812,0.0355,1.02e-06,0.156,dance,False,76,2010
Pano,Zack Tabudlo,08MFgEQeVLF37EyZ7jcwLc,12/6/2021,261275106.0,64.0,212525130.0,582712801.0,0.375,0.457,0.415,174.839,-7.018,0.868,0.0315,0.0145,0.191,acoustic,False,75,2021
Blood Sweat & Tears,BTS,2u54HNQamwFuOMLSuhSRom,2/13/2017,563366391.0,43.0,1138081643.0,247725561.0,0.584,0.885,0.605,92.9,-3.571,0.0244,0.104,0.0,0.357,k-pop,False,75,2017
Love Shot,EXO,0yB4jrSwN0bFtFRDR5vyMj,12/13/2018,358620184.0,65.0,710463080.0,456814795.0,0.689,0.678,0.335,145.883,-4.287,0.0702,0.119,0.0,0.0889,k-pop,False,74,2018
Have You Ever Seen The Rain,Creedence Clearwater Revival,6UmnCDi8DGVLqh7M2gltkq,6/30/2023,,,,,0.741,0.697,0.774,116.109,-7.03,0.0665,0.0277,2.35e-05,0.133,country,False,1,2023
Remember That Night?,Sara Kays,1nYzjrdVQ8RpF93M0jPFW7,11/6/2020,363510259.0,68.0,45636634.0,907351760.0,0.679,0.61,0.554,123.978,-10.936,0.585,0.0305,9.51e-05,0.156,indie-pop,False,76,2020
Ocean Drive,Duke Dumont,3rrgneYIM5KKZTM28CCZqs,7/31/2015,624262344.0,68.0,139990813.0,61873397.0,0.67,0.776,0.624,115.034,-4.091,0.00388,0.047,0.000189,0.122,edm,False,0,2015
Feel Special,TWICE,3Hz3tTQwOdM6XkA0ALB2G9,9/23/2019,361382812.0,64.0,607728749.0,277620586.0,0.708,0.959,0.644,128.981,-1.338,0.0296,0.0604,0.00188,0.107,k-pop,False,72,2019
To the Bone,Pamungkas,3pCt2wRdBDa2kCisIdHWgF,6/14/2019,442614126.0,72.0,461577619.0,1424731067.0,0.668,0.727,0.939,139.991,-6.55,0.514,0.027,1.9e-05,0.1,singer-songwriter,False,78,2019
Smoke Gets in Your Eyes,The Platters,2vSxjnyrWrtxyfzO47EX6q,4/12/2024,106782384.0,,,,0.203,0.295,0.285,171.222,-11.155,0.92,0.0323,2.05e-06,0.173,rock-n-roll,False,65,2024
NUMB,XXXTENTACION,01TnVDiet1DFTsyWKUKovl,3/16/2018,510136819.0,67.0,201406793.0,202031125.0,0.414,0.416,0.196,159.91,-8.024,0.1,0.0251,0.179,0.131,emo,False,75,2018
The Scientist,Coldplay,5DMirbBpNmJdTU9rGH2VW4,8/5/2002,1903413912.0,79.0,1864046384.0,481408577.0,0.557,0.442,0.213,146.277,-7.224,0.731,0.0243,1.46e-05,0.11,pop,False,2,2002
DEUTSCHLAND,Rammstein,2bPGTMB5sFfFYQ2YvSmup0,3/28/2019,460008347.0,71.0,370078966.0,46078194.0,0.521,0.895,0.237,120.117,-5.242,5.54e-05,0.0442,0.349,0.0985,alt-rock,False,77,2019
vice city,XXXTENTACION,6MOst484piqXpzPPRRe8i5,1/28/2022,111369377.0,64.0,100696513.0,198631.0,0.853,0.467,0.329,87.023,-6.843,0.00596,0.195,0.00171,0.203,emo,True,72,2022
SOLO,JENNIE,1R0hxCA5R7z5TiaXBZR7Mf,11/12/2018,622229689.0,67.0,449312389.0,1166486496.0,0.752,0.642,0.388,95.043,-5.165,0.0861,0.0869,0.0,0.0953,k-pop,False,73,2018
Jefe,Ninho,6HTJgY7iWWlVLSDHsfHePf,12/3/2021,154120297.0,61.0,152723183.0,204594753.0,0.648,0.599,0.213,120.985,-8.611,0.474,0.0799,6.81e-06,0.121,french,True,74,2021
do re mi,blackbear,6Se3x9ANMLv0dCDsjGmEjh,3/18/2017,619655619.0,63.0,324660885.0,42240263.0,0.745,0.593,0.17,111.001,-6.35,0.00522,0.0524,5.06e-06,0.123,electro,True,73,2017
"You're Gonna Go Far, Kid",The Offspring,6TfBA04WJ3X1d1wXhaCFVT,6/12/2008,968810827.0,77.0,336220628.0,47328081.0,0.55,0.917,0.601,126.115,-3.159,0.00428,0.0638,0.0,0.197,alt-rock,True,81,2008
Unsteady,X Ambassadors,7lGKEWMXVWWTt3X71Bv44I,1/28/2014,663939688.0,67.0,462058635.0,215796397.0,0.389,0.665,0.199,117.055,-6.169,0.178,0.0644,0.000732,0.116,alt-rock,False,74,2014
Chamber Of Reflection,Mac DeMarco,7H7NyZ3G075GqPx2evsfeb,3/28/2014,728140057.0,74.0,251014567.0,918538689.0,0.538,0.557,0.506,131.03,-8.678,0.262,0.0914,0.914,0.102,edm,False,82,2014
Tighten Up,The Black Keys,3C542UknrX76XSRXTyQ1Qg,12/18/2020,248857241.0,56.0,,,0.517,0.711,0.582,108.846,-5.84,0.000763,0.0627,7.15e-06,0.568,blues,False,61,2020
CAN'T SAY,Travis Scott,27a1mYSG5tYg7dmEjWBcmL,8/3/2018,601202311.0,72.0,183455907.0,75889595.0,0.702,0.708,0.713,147.98,-5.366,0.201,0.0547,0.0,0.118,house,True,76,2018
Gentleman,PSY,2BWd1qRu8mc6H0HbDtn8Dr,1/1/2013,119666188.0,54.0,1772780483.0,33894220.0,0.878,0.723,0.619,126.01,-3.334,0.00227,0.102,0.0,0.0516,k-pop,False,50,2013
Everybody Talks,Neon Trees,2iUmqdfGZcHIhS3b9E9EWq,12/19/2011,836267192.0,74.0,128528493.0,271659950.0,0.471,0.924,0.725,154.961,-3.906,0.00301,0.0586,0.0,0.313,alt-rock,False,80,2011
Temporary pyar,Kaka,2ZGAWiLZh2aRxp2iTL5yMS,9/4/2021,38264355.0,53.0,451922405.0,4585.0,0.531,0.79,0.339,79.942,-7.213,0.281,0.234,0.0,0.301,pop,False,65,2021
Dueles,Jesse & Joy,0U06zFzTRaYQCyGXyBov5x,12/4/2015,563467499.0,72.0,1000321872.0,490277819.0,0.531,0.834,0.527,142.041,-3.944,0.277,0.052,0.0,0.132,latin,False,7,2015
YOSEMITE,Travis Scott,7lAK3oHbfEnvUQWosrMMpR,8/3/2018,646744185.0,68.0,161578216.0,25055075.0,0.785,0.554,0.144,128.047,-6.571,0.283,0.0409,3.4e-06,0.116,house,True,75,2018
Pretty Savage,BLACKPINK,28tufPkTcXmdNqTvi9hsoG,10/2/2020,435823355.0,64.0,284536285.0,1021702238.0,0.699,0.588,0.35,151.971,-6.533,0.00807,0.0402,0.000131,0.107,k-pop,False,71,2020
"Mann Bharryaa 2.0 (From ""Shershaah"")",B Praak,3jf5303mzzJ96O8xFTcEn4,8/15/2021,149351877.0,61.0,365670176.0,60033835.0,0.428,0.467,0.193,90.831,-4.904,0.68,0.0327,0.0,0.135,pop,False,69,2021
Feel So Close - Radio Edit,Calvin Harris,1gihuPhrLraKYrJMAEONyc,1/1/2011,991382346.0,79.0,7412771.0,502553641.0,0.707,0.924,0.919,127.937,-2.842,0.000972,0.031,0.00703,0.204,electro,False,80,2011
Young,Vacations,1KIJclzEbNhSVw8tiHPWwE,12/9/2016,597591280.0,74.0,105282082.0,1487039791.0,0.498,0.81,0.594,79.935,-4.065,0.00392,0.0263,0.00717,0.0635,indie,False,83,2016
MALA SANTA,Becky G,5e50NiIlOc2YJIftHzoehd,10/11/2019,189969086.0,54.0,474789534.0,252838869.0,0.851,0.701,0.527,98.039,-3.649,0.311,0.0396,0.000211,0.163,reggaeton,False,65,2019
Renegades,X Ambassadors,0fYVliAYKHuPmECRs1pbRf,3/17/2015,785571181.0,70.0,492974141.0,74904030.0,0.526,0.862,0.528,90.052,-6.003,0.0144,0.0905,0.0597,0.229,alt-rock,False,76,2015
Snow (Hey Oh),Red Hot Chili Peppers,2aibwv5hGXSgw7Yru8IYTO,5/9/2006,1070374387.0,74.0,710124074.0,835564684.0,0.427,0.9,0.599,104.655,-3.674,0.116,0.0499,1.75e-05,0.119,alt-rock,False,80,2006
You should be sad,Halsey,7lidXGPXPYLNThITAOTlkK,11/8/2019,557921212.0,64.0,61717959.0,41811499.0,0.591,0.585,0.324,110.94,-6.35,0.143,0.0277,0.0,0.109,electro,True,73,2019
Sing Me to Sleep,Alan Walker,1tfVpMI8G6EakZU4rEja4w,1/1/2016,381501023.0,56.0,933353581.0,133544796.0,0.474,0.622,0.158,176.062,-6.381,0.0129,0.061,3.82e-06,0.327,electro,False,66,2016
Ex's & Oh's,Elle King,70eDxAyAraNTiD6lx2ZEnH,1/1/2014,501915477.0,66.0,317068971.0,29687816.0,0.612,0.921,0.446,139.988,-2.882,0.0183,0.085,0.0,0.0576,blues,False,73,2014
Way Back Home,SHAUN,1ZLrDPgR7mvuTco3rQK8Pk,6/27/2018,211581810.0,63.0,137544172.0,3149064834.0,0.745,0.739,0.556,99.913,-4.591,0.405,0.0327,0.000183,0.127,k-pop,False,71,2018
NDA,Billie Eilish,38GBNKZUhfBkk3oNlWzRYd,7/9/2021,333792226.0,70.0,82079675.0,536488373.0,0.765,0.373,0.554,85.016,-9.921,0.341,0.0713,0.525,0.112,electro,True,77,2021
A Ella,KAROL G,1osQI3NXEuBCFWK9iEmLwG,5/5/2017,365062854.0,71.0,893949453.0,109160109.0,0.73,0.769,0.594,181.988,-4.936,0.244,0.178,2.06e-05,0.136,reggae,False,3,2017
Who's Laughing Now,Ava Max,3sGmuJB7VYSPoFYjpldx8a,7/30/2020,218674366.0,57.0,242536989.0,72001415.0,0.648,0.641,0.505,184.021,-5.521,0.00565,0.0389,3.63e-06,0.109,dance,False,2,2020
In the morning,ITZY,1Wcr8zrKqbUX0zwN8Dbr16,4/30/2021,205110323.0,60.0,371693639.0,550643662.0,0.846,0.814,0.722,140.055,-4.685,0.0823,0.149,0.00094,0.13,k-pop,False,72,2021
SEJODIOTO,KAROL G,26bv58AJe8E62FJzFBMUIM,9/21/2021,350738636.0,66.0,154323126.0,351428481.0,0.822,0.736,0.679,175.93,-3.969,0.157,0.15,0.000781,0.0748,reggae,True,0,2021
Country Girl (Shake It For Me),Luke Bryan,43WFp6WBAvNgc7iaFFEUJp,1/1/2011,464203349.0,70.0,192327944.0,136935165.0,0.644,0.904,0.672,105.969,-4.532,0.0295,0.0464,0.0,0.0834,country,False,2,2011
Stupid Love,Lady Gaga,5Qyu0SLOpSyn4yKercAsUc,2/28/2020,377746254.0,62.0,192582605.0,102362534.0,0.68,0.825,0.784,117.987,-4.296,0.00173,0.0702,0.000122,0.27,dance,False,0,2020
Doin' Time,Lana Del Rey,3TmDnZuy3pHQbFJG5fRu2a,8/30/2019,680707791.0,74.0,48297331.0,184535006.0,0.641,0.559,0.523,144.982,-11.132,0.404,0.0355,0.00402,0.0937,pop,True,0,2019
Come & Get It,Selena Gomez,1tvmqQlkFrVun9HO4dlNdr,1/1/2013,412118303.0,64.0,863861067.0,931798909.0,0.552,0.783,0.575,79.984,-4.138,0.00887,0.0504,0.00026,0.0954,dance,False,0,2013
I.F.L.Y.,Bazzi,4a6q8CR2hzLk2plDkSxkfD,7/18/2019,593718503.0,65.0,229847460.0,728210556.0,0.812,0.519,0.554,104.954,-4.823,0.379,0.0385,0.0,0.13,electro,True,74,2019
my future,Billie Eilish,2ygvZOXrIeVL4xZmAWJT2C,7/30/2020,461892532.0,64.0,175821589.0,123540119.0,0.444,0.309,0.0875,104.745,-10.956,0.795,0.062,0.132,0.352,electro,False,72,2020
God is a woman,Ariana Grande,5OCJzvD7sykQEKHH7qAC3C,7/13/2018,1064927546.0,70.0,120105486.0,2480889.0,0.602,0.658,0.268,145.031,-5.934,0.0233,0.0558,6e-05,0.237,dance,True,80,2018
Tera Fitoor,Arijit Singh,1YMLgvsQdE27r30q0fsLeV,7/12/2018,108748134.0,68.0,900050812.0,331691.0,0.576,0.688,0.726,135.984,-5.136,0.346,0.0319,0.0439,0.262,pop-film,False,66,2018
Traicionera,Sebastian Yatra,0b5L58Bor5ic69eJQVUcsb,6/24/2016,650511999.0,67.0,795920437.0,60797733.0,0.779,0.675,0.63,91.006,-4.976,0.138,0.0485,0.0,0.105,reggae,False,4,2016
Kokomo,The Beach Boys,5qHYXcVvc9xsFB2uH7GpMN,6/17/2022,271362772.0,25.0,,,0.682,0.635,0.927,115.584,-10.05,0.00863,0.0346,0.0,0.137,psych-rock,False,71,2022
Fuentes de Ortiz,Ed Maverick,0a05wi1MqM6XSXUzLTmfqD,3/2/2018,583209382.0,71.0,561013544.0,187698778.0,0.83,0.159,0.189,104.95,-14.461,0.946,0.0383,2.02e-05,0.362,indie,True,0,2018
MEMORIES!,347aidan,27XMmSWSOXJ7eVb40tH93T,6/18/2021,225962467.0,62.0,25819662.0,421102345.0,0.835,0.381,0.31,154.973,-6.121,0.757,0.342,4.59e-06,0.121,sad,False,76,2021
Morado,J Balvin,7lTWdUAtKRdaRS0UbQD9y7,1/9/2020,485274842.0,58.0,257045287.0,96188508.0,0.881,0.696,0.781,97.002,-3.838,0.136,0.0797,4.06e-05,0.0927,latin,False,2,2020
Dil Meri Na Sune,Atif Aslam,4ILc7H2NfGbzbrHBclNOtB,7/27/2018,52282360.0,56.0,943920245.0,19935.0,0.574,0.729,0.47,163.748,-4.2,0.349,0.0473,1.85e-06,0.664,pop-film,False,62,2018
